index,lon,lat,age (Ma),label,region,source
0,-157.24,57.05,1,positive,NAm,Diaz-Rodriguez et al. 2021
1,-158.4,56.52,4,positive,NAm,Diaz-Rodriguez et al. 2021
2,-127.85,50.68,5,positive,NAm,Diaz-Rodriguez et al. 2021
3,-157.24,57.05,6,positive,NAm,Diaz-Rodriguez et al. 2021
4,-127.58,50.33,6,positive,NAm,Diaz-Rodriguez et al. 2021
5,-158.41,56.15,7,positive,NAm,Diaz-Rodriguez et al. 2021
6,-160.68,55.63,7,positive,NAm,Diaz-Rodriguez et al. 2021
7,-127.5,50.38,7,positive,NAm,Diaz-Rodriguez et al. 2021
8,-158.41,56.15,7,positive,NAm,Diaz-Rodriguez et al. 2021
9,-159.42,55.89,8,positive,NAm,Diaz-Rodriguez et al. 2021
10,-159.42,55.89,8,positive,NAm,Diaz-Rodriguez et al. 2021
11,-160.68,55.64,8,positive,NAm,Diaz-Rodriguez et al. 2021
12,-160.63,55.25,15,positive,NAm,Diaz-Rodriguez et al. 2021
13,-122.08,46.36,17,positive,NAm,Diaz-Rodriguez et al. 2021
14,-121.64,47.68,18,positive,NAm,Diaz-Rodriguez et al. 2021
15,-120.98,48.2,21,positive,NAm,Diaz-Rodriguez et al. 2021
16,-121.37,47.5,25,positive,NAm,Diaz-Rodriguez et al. 2021
17,-130.48,55.4,27,positive,NAm,Diaz-Rodriguez et al. 2021
18,-121.5,48.01,28,positive,NAm,Diaz-Rodriguez et al. 2021
19,-109.63,44.02,29,positive,NAm,Diaz-Rodriguez et al. 2021
20,-101.95,19.0,33,positive,NAm,Diaz-Rodriguez et al. 2021
21,-102.08,19.08,34,positive,NAm,Diaz-Rodriguez et al. 2021
22,-137.08,59.02,34,positive,NAm,Diaz-Rodriguez et al. 2021
23,-107.75,27.01,34,positive,NAm,Diaz-Rodriguez et al. 2021
24,-125.3,49.76,35,positive,NAm,Diaz-Rodriguez et al. 2021
25,-125.25,49.76,35,positive,NAm,Diaz-Rodriguez et al. 2021
26,-115.5,32.42,36,positive,NAm,Diaz-Rodriguez et al. 2021
27,-125.98,49.26,37,positive,NAm,Diaz-Rodriguez et al. 2021
28,-126.81,50.03,38,positive,NAm,Diaz-Rodriguez et al. 2021
29,-100.99,26.71,39,positive,NAm,Diaz-Rodriguez et al. 2021
30,-109.29,43.87,40,positive,NAm,Diaz-Rodriguez et al. 2021
31,-109.67,44.03,40,positive,NAm,Diaz-Rodriguez et al. 2021
32,-112.36,47.03,46,positive,NAm,Diaz-Rodriguez et al. 2021
33,-110.07,29.9,47,positive,NAm,Diaz-Rodriguez et al. 2021
34,-107.4,26.23,47,positive,NAm,Diaz-Rodriguez et al. 2021
35,-126.9,54.81,48,positive,NAm,Diaz-Rodriguez et al. 2021
36,-131.55,57.06,48,positive,NAm,Diaz-Rodriguez et al. 2021
37,-127.27,54.23,48,positive,NAm,Diaz-Rodriguez et al. 2021
38,-127.69,53.75,48,positive,NAm,Diaz-Rodriguez et al. 2021
39,-127.02,53.86,48,positive,NAm,Diaz-Rodriguez et al. 2021
40,-127.18,53.85,48,positive,NAm,Diaz-Rodriguez et al. 2021
41,-129.42,55.42,49,positive,NAm,Diaz-Rodriguez et al. 2021
42,-125.41,49.68,49,positive,NAm,Diaz-Rodriguez et al. 2021
43,-125.96,49.25,49,positive,NAm,Diaz-Rodriguez et al. 2021
44,-125.99,49.27,49,positive,NAm,Diaz-Rodriguez et al. 2021
45,-107.24,25.01,49,positive,NAm,Diaz-Rodriguez et al. 2021
46,-126.31,55.41,49,positive,NAm,Diaz-Rodriguez et al. 2021
47,-109.6,32.93,50,positive,NAm,Diaz-Rodriguez et al. 2021
48,-127.44,53.8,50,positive,NAm,Diaz-Rodriguez et al. 2021
49,-111.32,43.09,50,positive,NAm,Diaz-Rodriguez et al. 2021
50,-109.15,28.37,50,positive,NAm,Diaz-Rodriguez et al. 2021
51,-126.32,55.19,50,positive,NAm,Diaz-Rodriguez et al. 2021
52,-109.5,30.3,51,positive,NAm,Diaz-Rodriguez et al. 2021
53,-126.16,54.94,51,positive,NAm,Diaz-Rodriguez et al. 2021
54,-110.07,29.9,52,positive,NAm,Diaz-Rodriguez et al. 2021
55,-107.35,25.67,52,positive,NAm,Diaz-Rodriguez et al. 2021
56,-126.0,54.85,52,positive,NAm,Diaz-Rodriguez et al. 2021
57,-126.2,55.27,52,positive,NAm,Diaz-Rodriguez et al. 2021
58,-109.73,30.38,52,positive,NAm,Diaz-Rodriguez et al. 2021
59,-126.24,55.29,52,positive,NAm,Diaz-Rodriguez et al. 2021
60,-107.72,26.99,52,positive,NAm,Diaz-Rodriguez et al. 2021
61,-107.75,27.0,52,positive,NAm,Diaz-Rodriguez et al. 2021
62,-126.9,54.81,53,positive,NAm,Diaz-Rodriguez et al. 2021
63,-107.68,27.57,53,positive,NAm,Diaz-Rodriguez et al. 2021
64,-126.23,55.0,53,positive,NAm,Diaz-Rodriguez et al. 2021
65,-126.88,56.11,53,positive,NAm,Diaz-Rodriguez et al. 2021
66,-109.72,30.38,53,positive,NAm,Diaz-Rodriguez et al. 2021
67,-110.03,32.09,53,positive,NAm,Diaz-Rodriguez et al. 2021
68,-109.63,30.34,53,positive,NAm,Diaz-Rodriguez et al. 2021
69,-109.63,30.34,53,positive,NAm,Diaz-Rodriguez et al. 2021
70,-110.32,30.95,54,positive,NAm,Diaz-Rodriguez et al. 2021
71,-110.66,29.93,54,positive,NAm,Diaz-Rodriguez et al. 2021
72,-119.34,49.39,54,positive,NAm,Diaz-Rodriguez et al. 2021
73,-109.6,32.93,55,positive,NAm,Diaz-Rodriguez et al. 2021
74,-111.12,31.87,55,positive,NAm,Diaz-Rodriguez et al. 2021
75,-109.62,28.53,55,positive,NAm,Diaz-Rodriguez et al. 2021
76,-106.1,23.27,55,positive,NAm,Diaz-Rodriguez et al. 2021
77,-109.5,30.3,56,positive,NAm,Diaz-Rodriguez et al. 2021
78,-108.07,32.79,56,positive,NAm,Diaz-Rodriguez et al. 2021
79,-109.34,33.09,56,positive,NAm,Diaz-Rodriguez et al. 2021
80,-108.07,32.81,56,positive,NAm,Diaz-Rodriguez et al. 2021
81,-108.37,32.63,56,positive,NAm,Diaz-Rodriguez et al. 2021
82,-109.7,30.27,56,positive,NAm,Diaz-Rodriguez et al. 2021
83,-141.32,63.52,56,positive,NAm,Diaz-Rodriguez et al. 2021
84,-111.02,31.97,56,positive,NAm,Diaz-Rodriguez et al. 2021
85,-110.07,29.9,57,positive,NAm,Diaz-Rodriguez et al. 2021
86,-107.35,25.67,57,positive,NAm,Diaz-Rodriguez et al. 2021
87,-110.76,31.83,57,positive,NAm,Diaz-Rodriguez et al. 2021
88,-110.76,31.83,57,positive,NAm,Diaz-Rodriguez et al. 2021
89,-122.6,51.13,57,positive,NAm,Diaz-Rodriguez et al. 2021
90,-109.66,28.39,57,positive,NAm,Diaz-Rodriguez et al. 2021
91,-109.75,30.48,57,positive,NAm,Diaz-Rodriguez et al. 2021
92,-118.62,49.01,57,positive,NAm,Diaz-Rodriguez et al. 2021
93,-109.8,28.41,57,positive,NAm,Diaz-Rodriguez et al. 2021
94,-126.9,54.81,58,positive,NAm,Diaz-Rodriguez et al. 2021
95,-142.51,63.37,58,positive,NAm,Diaz-Rodriguez et al. 2021
96,-110.48,32.75,58,positive,NAm,Diaz-Rodriguez et al. 2021
97,-111.07,31.98,58,positive,NAm,Diaz-Rodriguez et al. 2021
98,-109.03,27.0,58,positive,NAm,Diaz-Rodriguez et al. 2021
99,-108.23,26.72,58,positive,NAm,Diaz-Rodriguez et al. 2021
100,-111.03,31.88,58,positive,NAm,Diaz-Rodriguez et al. 2021
101,-108.08,32.85,59,positive,NAm,Diaz-Rodriguez et al. 2021
102,-110.32,30.95,59,positive,NAm,Diaz-Rodriguez et al. 2021
103,-110.45,31.12,59,positive,NAm,Diaz-Rodriguez et al. 2021
104,-110.18,30.85,59,positive,NAm,Diaz-Rodriguez et al. 2021
105,-110.28,31.0,59,positive,NAm,Diaz-Rodriguez et al. 2021
106,-110.95,33.4,59,positive,NAm,Diaz-Rodriguez et al. 2021
107,-111.22,33.04,60,positive,NAm,Diaz-Rodriguez et al. 2021
108,-110.72,31.49,60,positive,NAm,Diaz-Rodriguez et al. 2021
109,-111.0,33.38,60,positive,NAm,Diaz-Rodriguez et al. 2021
110,-106.1,23.6,60,positive,NAm,Diaz-Rodriguez et al. 2021
111,-110.74,33.42,60,positive,NAm,Diaz-Rodriguez et al. 2021
112,-109.02,27.17,60,positive,NAm,Diaz-Rodriguez et al. 2021
113,-110.97,33.16,61,positive,NAm,Diaz-Rodriguez et al. 2021
114,-109.46,30.41,61,positive,NAm,Diaz-Rodriguez et al. 2021
115,-110.94,33.33,61,positive,NAm,Diaz-Rodriguez et al. 2021
116,-110.9,33.34,61,positive,NAm,Diaz-Rodriguez et al. 2021
117,-121.42,50.92,61,positive,NAm,Diaz-Rodriguez et al. 2021
118,-110.9,33.34,61,positive,NAm,Diaz-Rodriguez et al. 2021
119,-104.4,29.81,61,positive,NAm,Diaz-Rodriguez et al. 2021
120,-110.76,31.83,62,positive,NAm,Diaz-Rodriguez et al. 2021
121,-110.76,31.83,62,positive,NAm,Diaz-Rodriguez et al. 2021
122,-110.42,31.06,62,positive,NAm,Diaz-Rodriguez et al. 2021
123,-111.43,33.04,62,positive,NAm,Diaz-Rodriguez et al. 2021
124,-111.42,33.12,62,positive,NAm,Diaz-Rodriguez et al. 2021
125,-111.8,32.96,63,positive,NAm,Diaz-Rodriguez et al. 2021
126,-112.85,32.36,63,positive,NAm,Diaz-Rodriguez et al. 2021
127,-124.49,51.22,63,positive,NAm,Diaz-Rodriguez et al. 2021
128,-110.43,31.04,63,positive,NAm,Diaz-Rodriguez et al. 2021
129,-108.08,32.85,64,positive,NAm,Diaz-Rodriguez et al. 2021
130,-110.45,31.12,64,positive,NAm,Diaz-Rodriguez et al. 2021
131,-110.73,33.07,64,positive,NAm,Diaz-Rodriguez et al. 2021
132,-110.88,33.41,64,positive,NAm,Diaz-Rodriguez et al. 2021
133,-111.05,33.29,64,positive,NAm,Diaz-Rodriguez et al. 2021
134,-100.98,21.82,64,positive,NAm,Diaz-Rodriguez et al. 2021
135,-112.58,34.51,64,positive,NAm,Diaz-Rodriguez et al. 2021
136,-111.22,33.04,65,positive,NAm,Diaz-Rodriguez et al. 2021
137,-112.53,46.02,65,positive,NAm,Diaz-Rodriguez et al. 2021
138,-111.95,32.87,66,positive,NAm,Diaz-Rodriguez et al. 2021
139,-108.12,27.02,66,positive,NAm,Diaz-Rodriguez et al. 2021
140,-111.88,32.52,66,positive,NAm,Diaz-Rodriguez et al. 2021
141,-111.5,32.4,68,positive,NAm,Diaz-Rodriguez et al. 2021
142,-110.68,32.7,68,positive,NAm,Diaz-Rodriguez et al. 2021
143,-110.67,32.67,68,positive,NAm,Diaz-Rodriguez et al. 2021
144,-140.74,64.0,68,positive,NAm,Diaz-Rodriguez et al. 2021
145,-141.32,63.52,68,positive,NAm,Diaz-Rodriguez et al. 2021
146,-139.12,63.48,68,positive,NAm,Diaz-Rodriguez et al. 2021
147,-108.08,32.85,69,positive,NAm,Diaz-Rodriguez et al. 2021
148,-137.81,62.45,69,positive,NAm,Diaz-Rodriguez et al. 2021
149,-120.71,50.34,69,positive,NAm,Diaz-Rodriguez et al. 2021
150,-111.22,33.04,70,positive,NAm,Diaz-Rodriguez et al. 2021
151,-133.75,60.99,70,positive,NAm,Diaz-Rodriguez et al. 2021
152,-112.17,30.72,70,positive,NAm,Diaz-Rodriguez et al. 2021
153,-140.42,64.19,70,positive,NAm,Diaz-Rodriguez et al. 2021
154,-140.35,64.33,70,positive,NAm,Diaz-Rodriguez et al. 2021
155,-133.41,59.71,70,positive,NAm,Diaz-Rodriguez et al. 2021
156,-127.28,54.83,70,positive,NAm,Diaz-Rodriguez et al. 2021
157,-111.58,33.11,70,positive,NAm,Diaz-Rodriguez et al. 2021
158,-138.45,62.67,70,positive,NAm,Diaz-Rodriguez et al. 2021
159,-137.94,62.56,70,positive,NAm,Diaz-Rodriguez et al. 2021
160,-125.27,53.33,70,positive,NAm,Diaz-Rodriguez et al. 2021
161,-111.95,32.87,71,positive,NAm,Diaz-Rodriguez et al. 2021
162,-143.47,63.89,71,positive,NAm,Diaz-Rodriguez et al. 2021
163,-113.17,34.58,71,positive,NAm,Diaz-Rodriguez et al. 2021
164,-141.46,63.64,72,positive,NAm,Diaz-Rodriguez et al. 2021
165,-137.2,62.09,72,positive,NAm,Diaz-Rodriguez et al. 2021
166,-114.15,35.37,73,positive,NAm,Diaz-Rodriguez et al. 2021
167,-138.84,62.74,74,positive,NAm,Diaz-Rodriguez et al. 2021
168,-110.65,31.19,74,positive,NAm,Diaz-Rodriguez et al. 2021
169,-110.46,31.77,74,positive,NAm,Diaz-Rodriguez et al. 2021
170,-133.75,60.99,75,positive,NAm,Diaz-Rodriguez et al. 2021
171,-138.02,62.65,75,positive,NAm,Diaz-Rodriguez et al. 2021
172,-108.12,32.81,75,positive,NAm,Diaz-Rodriguez et al. 2021
173,-157.05,64.13,75,positive,NAm,Diaz-Rodriguez et al. 2021
174,-137.3,62.64,76,positive,NAm,Diaz-Rodriguez et al. 2021
175,-137.19,62.08,76,positive,NAm,Diaz-Rodriguez et al. 2021
176,-137.33,62.34,76,positive,NAm,Diaz-Rodriguez et al. 2021
177,-137.2,62.61,76,positive,NAm,Diaz-Rodriguez et al. 2021
178,-137.27,62.33,77,positive,NAm,Diaz-Rodriguez et al. 2021
179,-137.62,62.43,77,positive,NAm,Diaz-Rodriguez et al. 2021
180,-126.34,54.75,77,positive,NAm,Diaz-Rodriguez et al. 2021
181,-123.63,51.46,79,positive,NAm,Diaz-Rodriguez et al. 2021
182,-133.75,60.99,80,positive,NAm,Diaz-Rodriguez et al. 2021
183,-123.37,51.04,80,positive,NAm,Diaz-Rodriguez et al. 2021
184,-123.42,51.08,80,positive,NAm,Diaz-Rodriguez et al. 2021
185,-117.95,38.78,81,positive,NAm,Diaz-Rodriguez et al. 2021
186,-127.18,53.68,82,positive,NAm,Diaz-Rodriguez et al. 2021
187,-155.83,66.18,82,positive,NAm,Diaz-Rodriguez et al. 2021
188,-127.23,53.53,85,positive,NAm,Diaz-Rodriguez et al. 2021
189,-106.37,24.9,85,positive,NAm,Diaz-Rodriguez et al. 2021
190,-108.39,29.4,86,positive,NAm,Diaz-Rodriguez et al. 2021
191,-123.4,51.1,86,positive,NAm,Diaz-Rodriguez et al. 2021
192,-123.35,51.1,87,positive,NAm,Diaz-Rodriguez et al. 2021
193,-123.39,51.09,87,positive,NAm,Diaz-Rodriguez et al. 2021
194,-117.05,40.61,88,positive,NAm,Diaz-Rodriguez et al. 2021
195,-120.38,48.61,89,positive,NAm,Diaz-Rodriguez et al. 2021
196,-150.03,65.27,89,positive,NAm,Diaz-Rodriguez et al. 2021
197,-117.22,40.42,89,positive,NAm,Diaz-Rodriguez et al. 2021
198,-127.69,54.85,89,positive,NAm,Diaz-Rodriguez et al. 2021
199,-127.94,54.84,89,positive,NAm,Diaz-Rodriguez et al. 2021
200,-155.28,59.9,90,positive,NAm,Diaz-Rodriguez et al. 2021
201,-108.39,29.4,91,positive,NAm,Diaz-Rodriguez et al. 2021
202,-115.13,35.48,94,positive,NAm,Diaz-Rodriguez et al. 2021
203,-120.48,49.63,97,positive,NAm,Diaz-Rodriguez et al. 2021
204,-120.85,40.2,100,positive,NAm,Diaz-Rodriguez et al. 2021
205,-138.61,62.53,103,positive,NAm,Diaz-Rodriguez et al. 2021
206,-142.87,63.67,103,positive,NAm,Diaz-Rodriguez et al. 2021
207,-142.99,63.61,103,positive,NAm,Diaz-Rodriguez et al. 2021
208,-143.8,64.21,103,positive,NAm,Diaz-Rodriguez et al. 2021
209,-138.56,62.72,105,positive,NAm,Diaz-Rodriguez et al. 2021
210,-118.43,38.62,105,positive,NAm,Diaz-Rodriguez et al. 2021
211,-118.08,38.49,105,positive,NAm,Diaz-Rodriguez et al. 2021
212,-143.93,64.23,106,positive,NAm,Diaz-Rodriguez et al. 2021
213,-143.89,64.23,106,positive,NAm,Diaz-Rodriguez et al. 2021
214,-137.09,62.27,108,positive,NAm,Diaz-Rodriguez et al. 2021
215,-115.0,39.26,110,positive,NAm,Diaz-Rodriguez et al. 2021
216,-125.3,55.5,121,positive,NAm,Diaz-Rodriguez et al. 2021
217,-124.96,55.11,134,positive,NAm,Diaz-Rodriguez et al. 2021
218,-114.77,41.77,150,positive,NAm,Diaz-Rodriguez et al. 2021
219,-127.62,50.26,154,positive,NAm,Diaz-Rodriguez et al. 2021
220,-119.24,39.05,161,positive,NAm,Diaz-Rodriguez et al. 2021
221,-113.39,28.06,165,positive,NAm,Diaz-Rodriguez et al. 2021
222,-120.18,49.67,166,positive,NAm,Diaz-Rodriguez et al. 2021
223,-119.2,38.98,167,positive,NAm,Diaz-Rodriguez et al. 2021
224,-127.51,50.61,167,positive,NAm,Diaz-Rodriguez et al. 2021
225,-127.46,50.6,167,positive,NAm,Diaz-Rodriguez et al. 2021
226,-127.52,50.63,167,positive,NAm,Diaz-Rodriguez et al. 2021
227,-127.46,50.6,167,positive,NAm,Diaz-Rodriguez et al. 2021
228,-127.39,50.59,167,positive,NAm,Diaz-Rodriguez et al. 2021
229,-127.46,50.59,167,positive,NAm,Diaz-Rodriguez et al. 2021
230,-127.86,50.67,168,positive,NAm,Diaz-Rodriguez et al. 2021
231,-120.0,49.17,168,positive,NAm,Diaz-Rodriguez et al. 2021
232,-119.27,38.96,169,positive,NAm,Diaz-Rodriguez et al. 2021
233,-127.48,50.6,171,positive,NAm,Diaz-Rodriguez et al. 2021
234,-127.97,50.71,172,positive,NAm,Diaz-Rodriguez et al. 2021
235,-109.9,31.43,180,positive,NAm,Diaz-Rodriguez et al. 2021
236,-129.11,58.48,190,positive,NAm,Diaz-Rodriguez et al. 2021
237,-130.25,56.5,193,positive,NAm,Diaz-Rodriguez et al. 2021
238,-120.46,49.42,193,positive,NAm,Diaz-Rodriguez et al. 2021
239,-120.01,49.52,193,positive,NAm,Diaz-Rodriguez et al. 2021
240,-120.01,49.88,195,positive,NAm,Diaz-Rodriguez et al. 2021
241,-130.8,56.83,196,positive,NAm,Diaz-Rodriguez et al. 2021
242,-129.45,55.55,196,positive,NAm,Diaz-Rodriguez et al. 2021
243,-127.02,57.37,197,positive,NAm,Diaz-Rodriguez et al. 2021
244,-121.37,52.25,197,positive,NAm,Diaz-Rodriguez et al. 2021
245,-126.72,57.07,199,positive,NAm,Diaz-Rodriguez et al. 2021
246,-125.36,55.53,200,positive,NAm,Diaz-Rodriguez et al. 2021
247,-126.73,57.23,201,positive,NAm,Diaz-Rodriguez et al. 2021
248,-126.67,57.2,202,positive,NAm,Diaz-Rodriguez et al. 2021
249,-120.99,50.5,203,positive,NAm,Diaz-Rodriguez et al. 2021
250,-120.98,50.48,203,positive,NAm,Diaz-Rodriguez et al. 2021
251,-130.34,57.74,205,positive,NAm,Diaz-Rodriguez et al. 2021
252,-130.26,57.66,205,positive,NAm,Diaz-Rodriguez et al. 2021
253,-130.29,57.76,205,positive,NAm,Diaz-Rodriguez et al. 2021
254,-130.17,57.68,205,positive,NAm,Diaz-Rodriguez et al. 2021
255,-117.5,38.33,207,positive,NAm,Diaz-Rodriguez et al. 2021
256,-120.99,50.42,208,positive,NAm,Diaz-Rodriguez et al. 2021
257,-120.94,50.51,208,positive,NAm,Diaz-Rodriguez et al. 2021
258,-120.85,50.32,208,positive,NAm,Diaz-Rodriguez et al. 2021
259,-120.99,50.54,208,positive,NAm,Diaz-Rodriguez et al. 2021
260,-121.02,50.56,208,positive,NAm,Diaz-Rodriguez et al. 2021
261,-120.99,50.43,208,positive,NAm,Diaz-Rodriguez et al. 2021
262,-120.91,50.44,208,positive,NAm,Diaz-Rodriguez et al. 2021
263,-121.04,50.45,208,positive,NAm,Diaz-Rodriguez et al. 2021
264,-120.96,50.37,208,positive,NAm,Diaz-Rodriguez et al. 2021
265,-120.96,50.38,208,positive,NAm,Diaz-Rodriguez et al. 2021
266,-122.29,52.52,210,positive,NAm,Diaz-Rodriguez et al. 2021
267,-121.05,50.49,210,positive,NAm,Diaz-Rodriguez et al. 2021
268,-121.0,50.43,210,positive,NAm,Diaz-Rodriguez et al. 2021
269,-131.88,58.24,218,positive,NAm,Diaz-Rodriguez et al. 2021
270,-126.68,57.22,221,positive,NAm,Diaz-Rodriguez et al. 2021
271,-130.99,57.36,222,positive,NAm,Diaz-Rodriguez et al. 2021
0,-153.0918,60.0319,0,negative,NAm,Diaz-Rodriguez et al. 2021
1,-153.435,59.3626,0,negative,NAm,Diaz-Rodriguez et al. 2021
2,-153.5351,58.8596,0,negative,NAm,Diaz-Rodriguez et al. 2021
3,-153.6738,58.7703,0,negative,NAm,Diaz-Rodriguez et al. 2021
4,-154.3573,58.4528,0,negative,NAm,Diaz-Rodriguez et al. 2021
5,-154.6859,58.3336,0,negative,NAm,Diaz-Rodriguez et al. 2021
6,-154.9533,58.279,0,negative,NAm,Diaz-Rodriguez et al. 2021
7,-155.1026,58.2343,0,negative,NAm,Diaz-Rodriguez et al. 2021
8,-155.1037,58.3572,0,negative,NAm,Diaz-Rodriguez et al. 2021
9,-155.1591,58.2654,0,negative,NAm,Diaz-Rodriguez et al. 2021
10,-155.2544,58.1946,0,negative,NAm,Diaz-Rodriguez et al. 2021
11,-155.3566,58.1692,0,negative,NAm,Diaz-Rodriguez et al. 2021
12,-156.37,57.7503,0,negative,NAm,Diaz-Rodriguez et al. 2021
13,-156.5139,57.8338,0,negative,NAm,Diaz-Rodriguez et al. 2021
14,-156.99147,57.13348,0,negative,NAm,Diaz-Rodriguez et al. 2021
15,-158.209,56.9058,0,negative,NAm,Diaz-Rodriguez et al. 2021
16,-159.3931,56.1979,0,negative,NAm,Diaz-Rodriguez et al. 2021
17,-159.7912,56.0126,0,negative,NAm,Diaz-Rodriguez et al. 2021
18,-161.8937,55.4173,0,negative,NAm,Diaz-Rodriguez et al. 2021
19,-162.0726,55.3409,0,negative,NAm,Diaz-Rodriguez et al. 2021
20,-162.2744,55.1867,0,negative,NAm,Diaz-Rodriguez et al. 2021
21,-163.14687,55.41728,0,negative,NAm,Diaz-Rodriguez et al. 2021
22,-163.9711,54.7554,0,negative,NAm,Diaz-Rodriguez et al. 2021
23,-164.3524,54.6692,0,negative,NAm,Diaz-Rodriguez et al. 2021
24,-164.6476,54.5171,0,negative,NAm,Diaz-Rodriguez et al. 2021
25,-165.6605,54.2522,0,negative,NAm,Diaz-Rodriguez et al. 2021
26,-165.98555,54.13308,0,negative,NAm,Diaz-Rodriguez et al. 2021
27,-166.93202,53.88707,0,negative,NAm,Diaz-Rodriguez et al. 2021
28,-168.0344,53.9272,0,negative,NAm,Diaz-Rodriguez et al. 2021
29,-168.132,53.419,0,negative,NAm,Diaz-Rodriguez et al. 2021
30,-168.5382,53.1536,0,negative,NAm,Diaz-Rodriguez et al. 2021
31,-168.6937,53.1256,0,negative,NAm,Diaz-Rodriguez et al. 2021
32,-169.71737,52.97347,0,negative,NAm,Diaz-Rodriguez et al. 2021
33,-169.758,52.839,0,negative,NAm,Diaz-Rodriguez et al. 2021
34,-169.945,52.8222,0,negative,NAm,Diaz-Rodriguez et al. 2021
35,-170.0576,52.8906,0,negative,NAm,Diaz-Rodriguez et al. 2021
36,-170.113,52.741,0,negative,NAm,Diaz-Rodriguez et al. 2021
37,-170.65152,52.64378,0,negative,NAm,Diaz-Rodriguez et al. 2021
38,-171.25476,52.49419,0,negative,NAm,Diaz-Rodriguez et al. 2021
39,-172.51,52.316,0,negative,NAm,Diaz-Rodriguez et al. 2021
40,-174.139,52.3309,0,negative,NAm,Diaz-Rodriguez et al. 2021
41,-174.1548,52.37934,0,negative,NAm,Diaz-Rodriguez et al. 2021
42,-99.6628,19.1853,0,negative,NAm,Diaz-Rodriguez et al. 2021
43,-99.7558,19.1195,0,negative,NAm,Diaz-Rodriguez et al. 2021
44,-99.7562,19.1062,0,negative,NAm,Diaz-Rodriguez et al. 2021
45,-99.765,19.1158,0,negative,NAm,Diaz-Rodriguez et al. 2021
46,-99.7748,18.8548,0,negative,NAm,Diaz-Rodriguez et al. 2021
47,-99.7902,19.2227,0,negative,NAm,Diaz-Rodriguez et al. 2021
48,-99.7998,19.138,0,negative,NAm,Diaz-Rodriguez et al. 2021
49,-99.8015,19.1432,0,negative,NAm,Diaz-Rodriguez et al. 2021
50,-103.855,20.853,0,negative,NAm,Diaz-Rodriguez et al. 2021
51,-103.855,20.853,3,negative,NAm,Diaz-Rodriguez et al. 2021
52,-103.855,20.853,5,negative,NAm,Diaz-Rodriguez et al. 2021
53,-120.549,50.77,0,negative,NAm,Diaz-Rodriguez et al. 2021
54,-120.64,49.562,0,negative,NAm,Diaz-Rodriguez et al. 2021
55,-128.374,52.264,3,negative,NAm,Diaz-Rodriguez et al. 2021
56,-128.437,52.296,3,negative,NAm,Diaz-Rodriguez et al. 2021
57,-131.28,56.77,3,negative,NAm,Diaz-Rodriguez et al. 2021
0,-66.28,-27.37,6,positive,SAm,Diaz-Rodriguez et al. 2021
1,-69.37,-31.3,267,positive,SAm,Diaz-Rodriguez et al. 2021
2,-69.75,-30.5,12,positive,SAm,Diaz-Rodriguez et al. 2021
3,-66.65,-27.27,9,positive,SAm,Diaz-Rodriguez et al. 2021
4,-66.61,-27.33,8,positive,SAm,Diaz-Rodriguez et al. 2021
5,-66.55,-27.4,7,positive,SAm,Diaz-Rodriguez et al. 2021
6,-66.57,-27.28,8,positive,SAm,Diaz-Rodriguez et al. 2021
7,-67.9,-26.3,14,positive,SAm,Diaz-Rodriguez et al. 2021
8,-70.58,-38.25,85,positive,SAm,Diaz-Rodriguez et al. 2021
9,-69.17,-30.0,261,positive,SAm,Diaz-Rodriguez et al. 2021
10,-70.05,-31.95,13,positive,SAm,Diaz-Rodriguez et al. 2021
11,-66.6,-24.13,13,positive,SAm,Diaz-Rodriguez et al. 2021
12,-70.45,-31.76,10,positive,SAm,Diaz-Rodriguez et al. 2021
13,-66.22,-27.38,6,positive,SAm,Diaz-Rodriguez et al. 2021
14,-66.76,-25.14,15,positive,SAm,Diaz-Rodriguez et al. 2021
15,-70.63,-39.18,281,positive,SAm,Diaz-Rodriguez et al. 2021
16,-67.75,-29.0,4,positive,SAm,Diaz-Rodriguez et al. 2021
17,-65.87,-24.2,15,positive,SAm,Diaz-Rodriguez et al. 2021
18,-69.08,-32.42,14,positive,SAm,Diaz-Rodriguez et al. 2021
19,-69.1,-32.48,14,positive,SAm,Diaz-Rodriguez et al. 2021
20,-70.47,-37.43,45,positive,SAm,Diaz-Rodriguez et al. 2021
21,-69.97,-32.57,9,positive,SAm,Diaz-Rodriguez et al. 2021
22,-69.43,-32.25,260,positive,SAm,Diaz-Rodriguez et al. 2021
23,-67.78,-24.57,29,positive,SAm,Diaz-Rodriguez et al. 2021
24,-67.73,-24.58,31,positive,SAm,Diaz-Rodriguez et al. 2021
25,-69.44,-32.14,263,positive,SAm,Diaz-Rodriguez et al. 2021
26,-67.48,-16.92,23,positive,SAm,Diaz-Rodriguez et al. 2021
27,-66.6,-18.44,21,positive,SAm,Diaz-Rodriguez et al. 2021
28,-65.75,-19.63,12,positive,SAm,Diaz-Rodriguez et al. 2021
29,-66.45,-20.95,13,positive,SAm,Diaz-Rodriguez et al. 2021
30,-66.03,-20.91,16,positive,SAm,Diaz-Rodriguez et al. 2021
31,-66.0,-18.7,22,positive,SAm,Diaz-Rodriguez et al. 2021
32,-66.79,-18.14,20,positive,SAm,Diaz-Rodriguez et al. 2021
33,-67.13,-17.95,15,positive,SAm,Diaz-Rodriguez et al. 2021
34,-66.19,-20.63,16,positive,SAm,Diaz-Rodriguez et al. 2021
35,-66.36,-20.48,16,positive,SAm,Diaz-Rodriguez et al. 2021
36,-71.42,-30.25,112,positive,SAm,Diaz-Rodriguez et al. 2021
37,-69.61,-24.4,100,positive,SAm,Diaz-Rodriguez et al. 2021
38,-69.92,-22.53,142,positive,SAm,Diaz-Rodriguez et al. 2021
39,-69.85,-27.41,109,positive,SAm,Diaz-Rodriguez et al. 2021
40,-69.17,-23.16,44,positive,SAm,Diaz-Rodriguez et al. 2021
41,-69.23,-27.87,14,positive,SAm,Diaz-Rodriguez et al. 2021
42,-69.26,-20.04,52,positive,SAm,Diaz-Rodriguez et al. 2021
43,-69.08,-24.13,37,positive,SAm,Diaz-Rodriguez et al. 2021
44,-68.9,-22.28,33,positive,SAm,Diaz-Rodriguez et al. 2021
45,-68.71,-20.96,32,positive,SAm,Diaz-Rodriguez et al. 2021
46,-68.74,-21.95,36,positive,SAm,Diaz-Rodriguez et al. 2021
47,-68.89,-20.92,35,positive,SAm,Diaz-Rodriguez et al. 2021
48,-70.3,-33.15,5,positive,SAm,Diaz-Rodriguez et al. 2021
49,-69.72,-18.29,14,positive,SAm,Diaz-Rodriguez et al. 2021
50,-68.83,-21.92,36,positive,SAm,Diaz-Rodriguez et al. 2021
51,-68.73,-21.12,251,positive,SAm,Diaz-Rodriguez et al. 2021
52,-69.55,-26.25,42,positive,SAm,Diaz-Rodriguez et al. 2021
53,-69.08,-22.99,29,positive,SAm,Diaz-Rodriguez et al. 2021
54,-70.46,-34.09,5,positive,SAm,Diaz-Rodriguez et al. 2021
55,-69.06,-22.97,41,positive,SAm,Diaz-Rodriguez et al. 2021
56,-68.82,-23.41,42,positive,SAm,Diaz-Rodriguez et al. 2021
57,-69.87,-26.77,63,positive,SAm,Diaz-Rodriguez et al. 2021
58,-69.08,-24.2,38,positive,SAm,Diaz-Rodriguez et al. 2021
59,-69.07,-24.27,37,positive,SAm,Diaz-Rodriguez et al. 2021
60,-69.88,-28.63,34,positive,SAm,Diaz-Rodriguez et al. 2021
61,-69.28,-27.27,22,positive,SAm,Diaz-Rodriguez et al. 2021
62,-69.08,-20.18,31,positive,SAm,Diaz-Rodriguez et al. 2021
63,-68.75,-22.67,275,positive,SAm,Diaz-Rodriguez et al. 2021
64,-69.03,-27.23,13,positive,SAm,Diaz-Rodriguez et al. 2021
65,-69.51,-23.45,58,positive,SAm,Diaz-Rodriguez et al. 2021
66,-70.27,-33.13,5,positive,SAm,Diaz-Rodriguez et al. 2021
67,-70.5,-31.71,10,positive,SAm,Diaz-Rodriguez et al. 2021
68,-68.91,-22.38,34,positive,SAm,Diaz-Rodriguez et al. 2021
69,-69.24,-22.56,64,positive,SAm,Diaz-Rodriguez et al. 2021
70,-69.02,-27.17,13,positive,SAm,Diaz-Rodriguez et al. 2021
71,-69.28,-19.81,58,positive,SAm,Diaz-Rodriguez et al. 2021
72,-68.97,-22.47,36,positive,SAm,Diaz-Rodriguez et al. 2021
73,-69.12,-23.3,40,positive,SAm,Diaz-Rodriguez et al. 2021
74,-69.42,-26.49,37,positive,SAm,Diaz-Rodriguez et al. 2021
75,-70.25,-27.48,110,positive,SAm,Diaz-Rodriguez et al. 2021
76,-69.83,-21.92,132,positive,SAm,Diaz-Rodriguez et al. 2021
77,-68.8,-21.0,36,positive,SAm,Diaz-Rodriguez et al. 2021
78,-68.97,-19.87,36,positive,SAm,Diaz-Rodriguez et al. 2021
79,-69.27,-27.38,23,positive,SAm,Diaz-Rodriguez et al. 2021
80,-70.3,-28.5,64,positive,SAm,Diaz-Rodriguez et al. 2021
81,-70.27,-33.14,5,positive,SAm,Diaz-Rodriguez et al. 2021
82,-69.23,-25.22,291,positive,SAm,Diaz-Rodriguez et al. 2021
83,-69.34,-22.88,64,positive,SAm,Diaz-Rodriguez et al. 2021
84,-69.3,-22.84,57,positive,SAm,Diaz-Rodriguez et al. 2021
85,-68.95,-22.42,38,positive,SAm,Diaz-Rodriguez et al. 2021
86,-72.15,-46.03,100,positive,SAm,Diaz-Rodriguez et al. 2021
87,-68.64,-20.99,35,positive,SAm,Diaz-Rodriguez et al. 2021
88,-70.23,-32.88,11,positive,SAm,Diaz-Rodriguez et al. 2021
89,-69.09,-24.24,39,positive,SAm,Diaz-Rodriguez et al. 2021
90,-77.32,8.49,48,positive,SAm,Diaz-Rodriguez et al. 2021
91,-75.03,3.52,166,positive,SAm,Diaz-Rodriguez et al. 2021
92,-75.3,4.18,131,positive,SAm,Diaz-Rodriguez et al. 2021
93,-76.67,1.24,166,positive,SAm,Diaz-Rodriguez et al. 2021
94,-76.75,7.05,55,positive,SAm,Diaz-Rodriguez et al. 2021
95,-76.5,6.7,43,positive,SAm,Diaz-Rodriguez et al. 2021
96,-76.88,2.1,17,positive,SAm,Diaz-Rodriguez et al. 2021
97,-79.15,-1.67,20,positive,SAm,Diaz-Rodriguez et al. 2021
98,-79.12,-1.38,20,positive,SAm,Diaz-Rodriguez et al. 2021
99,-79.42,-2.93,11,positive,SAm,Diaz-Rodriguez et al. 2021
100,-78.88,-4.02,141,positive,SAm,Diaz-Rodriguez et al. 2021
101,-78.95,-4.25,154,positive,SAm,Diaz-Rodriguez et al. 2021
102,-79.33,-3.58,10,positive,SAm,Diaz-Rodriguez et al. 2021
103,-79.68,-3.05,19,positive,SAm,Diaz-Rodriguez et al. 2021
104,-78.58,0.33,7,positive,SAm,Diaz-Rodriguez et al. 2021
105,-80.0,-4.33,14,positive,SAm,Diaz-Rodriguez et al. 2021
106,-78.9,-4.65,154,positive,SAm,Diaz-Rodriguez et al. 2021
107,-78.5,-3.6,154,positive,SAm,Diaz-Rodriguez et al. 2021
108,-79.58,-4.2,14,positive,SAm,Diaz-Rodriguez et al. 2021
109,-78.42,-3.65,154,positive,SAm,Diaz-Rodriguez et al. 2021
110,-79.13,-1.57,15,positive,SAm,Diaz-Rodriguez et al. 2021
111,-79.25,-4.25,154,positive,SAm,Diaz-Rodriguez et al. 2021
112,-78.6,-3.78,154,positive,SAm,Diaz-Rodriguez et al. 2021
113,-77.9,-8.56,5,positive,SAm,Diaz-Rodriguez et al. 2021
114,-75.92,-13.23,100,positive,SAm,Diaz-Rodriguez et al. 2021
115,-73.58,-15.82,100,positive,SAm,Diaz-Rodriguez et al. 2021
116,-78.18,-8.17,10,positive,SAm,Diaz-Rodriguez et al. 2021
117,-75.15,-14.18,100,positive,SAm,Diaz-Rodriguez et al. 2021
118,-71.35,-14.96,36,positive,SAm,Diaz-Rodriguez et al. 2021
119,-79.28,-6.08,15,positive,SAm,Diaz-Rodriguez et al. 2021
120,-69.9,-17.68,59,positive,SAm,Diaz-Rodriguez et al. 2021
121,-78.61,-6.76,11,positive,SAm,Diaz-Rodriguez et al. 2021
122,-76.25,-10.63,14,positive,SAm,Diaz-Rodriguez et al. 2021
123,-71.55,-16.55,57,positive,SAm,Diaz-Rodriguez et al. 2021
124,-71.59,-16.54,62,positive,SAm,Diaz-Rodriguez et al. 2021
125,-72.33,-14.03,36,positive,SAm,Diaz-Rodriguez et al. 2021
126,-71.36,-16.77,50,positive,SAm,Diaz-Rodriguez et al. 2021
127,-75.42,-14.23,100,positive,SAm,Diaz-Rodriguez et al. 2021
128,-71.77,-14.46,33,positive,SAm,Diaz-Rodriguez et al. 2021
129,-71.26,-14.95,31,positive,SAm,Diaz-Rodriguez et al. 2021
130,-72.35,-14.18,36,positive,SAm,Diaz-Rodriguez et al. 2021
131,-70.71,-17.05,51,positive,SAm,Diaz-Rodriguez et al. 2021
132,-70.7,-17.04,51,positive,SAm,Diaz-Rodriguez et al. 2021
133,-78.32,-7.02,17,positive,SAm,Diaz-Rodriguez et al. 2021
134,-75.72,-13.77,100,positive,SAm,Diaz-Rodriguez et al. 2021
135,-79.12,-6.36,12,positive,SAm,Diaz-Rodriguez et al. 2021
136,-78.58,-7.12,10,positive,SAm,Diaz-Rodriguez et al. 2021
137,-72.99,-14.46,36,positive,SAm,Diaz-Rodriguez et al. 2021
138,-73.13,-14.16,32,positive,SAm,Diaz-Rodriguez et al. 2021
139,-76.14,-12.98,100,positive,SAm,Diaz-Rodriguez et al. 2021
140,-77.77,-8.22,15,positive,SAm,Diaz-Rodriguez et al. 2021
141,-78.32,-7.3,20,positive,SAm,Diaz-Rodriguez et al. 2021
142,-78.36,-6.91,16,positive,SAm,Diaz-Rodriguez et al. 2021
143,-69.66,-15.0,23,positive,SAm,Diaz-Rodriguez et al. 2021
144,-78.0,-8.79,15,positive,SAm,Diaz-Rodriguez et al. 2021
145,-75.35,-13.93,100,positive,SAm,Diaz-Rodriguez et al. 2021
146,-76.08,-11.48,7,positive,SAm,Diaz-Rodriguez et al. 2021
147,-71.31,-14.98,38,positive,SAm,Diaz-Rodriguez et al. 2021
148,-70.62,-17.11,54,positive,SAm,Diaz-Rodriguez et al. 2021
149,-79.31,-4.94,16,positive,SAm,Diaz-Rodriguez et al. 2021
150,-78.67,-6.73,13,positive,SAm,Diaz-Rodriguez et al. 2021
151,-75.09,-13.69,100,positive,SAm,Diaz-Rodriguez et al. 2021
152,-71.31,-14.91,33,positive,SAm,Diaz-Rodriguez et al. 2021
153,-70.61,-17.25,57,positive,SAm,Diaz-Rodriguez et al. 2021
154,-76.13,-11.6,8,positive,SAm,Diaz-Rodriguez et al. 2021
0,-72.97,-45.9,0,negative,SAm,Diaz-Rodriguez et al. 2021
1,-72.95,-40.71,0,negative,SAm,Diaz-Rodriguez et al. 2021
2,-72.95,-41.87,0,negative,SAm,Diaz-Rodriguez et al. 2021
3,-72.7389,-46.1789,0,negative,SAm,Diaz-Rodriguez et al. 2021
4,-72.7003,-46.165,0,negative,SAm,Diaz-Rodriguez et al. 2021
5,-72.6,-42.72,0,negative,SAm,Diaz-Rodriguez et al. 2021
6,-72.6,-42.73,0,negative,SAm,Diaz-Rodriguez et al. 2021
7,-72.6,-42.93,0,negative,SAm,Diaz-Rodriguez et al. 2021
8,-72.56,-46.1228,0,negative,SAm,Diaz-Rodriguez et al. 2021
9,-72.53,-41.14,0,negative,SAm,Diaz-Rodriguez et al. 2021
10,-72.52,-41.15,0,negative,SAm,Diaz-Rodriguez et al. 2021
11,-72.27,-41.3,0,negative,SAm,Diaz-Rodriguez et al. 2021
12,-72.24,-40.51,0,negative,SAm,Diaz-Rodriguez et al. 2021
13,-72.225,-41.3,0,negative,SAm,Diaz-Rodriguez et al. 2021
14,-72.19,-40.78,0,negative,SAm,Diaz-Rodriguez et al. 2021
15,-72.153,-40.771,0,negative,SAm,Diaz-Rodriguez et al. 2021
16,-72.14668,-40.66213,0,negative,SAm,Diaz-Rodriguez et al. 2021
17,-72.14073,-40.63332,0,negative,SAm,Diaz-Rodriguez et al. 2021
18,-72.12,-40.59,0,negative,SAm,Diaz-Rodriguez et al. 2021
19,-72.10573,-40.59582,0,negative,SAm,Diaz-Rodriguez et al. 2021
20,-72.0,-39.93,0,negative,SAm,Diaz-Rodriguez et al. 2021
21,-71.98,-39.31,0,negative,SAm,Diaz-Rodriguez et al. 2021
22,-71.97,-39.35,0,negative,SAm,Diaz-Rodriguez et al. 2021
23,-71.97,-39.38,0,negative,SAm,Diaz-Rodriguez et al. 2021
24,-71.95362,-40.70835,0,negative,SAm,Diaz-Rodriguez et al. 2021
25,-71.95,-39.39,0,negative,SAm,Diaz-Rodriguez et al. 2021
26,-71.95,-39.4,0,negative,SAm,Diaz-Rodriguez et al. 2021
27,-71.82,-39.2,0,negative,SAm,Diaz-Rodriguez et al. 2021
28,-71.81,-39.27,0,negative,SAm,Diaz-Rodriguez et al. 2021
29,-71.66662,-40.75817,0,negative,SAm,Diaz-Rodriguez et al. 2021
30,-71.62,-38.75,0,negative,SAm,Diaz-Rodriguez et al. 2021
31,-71.6,-38.4,0,negative,SAm,Diaz-Rodriguez et al. 2021
32,-71.53,-38.36,0,negative,SAm,Diaz-Rodriguez et al. 2021
33,-71.51,-38.34,0,negative,SAm,Diaz-Rodriguez et al. 2021
34,-71.27,-36.2,0,negative,SAm,Diaz-Rodriguez et al. 2021
35,-70.85,-35.58,0,negative,SAm,Diaz-Rodriguez et al. 2021
36,-70.83,-36.0,0,negative,SAm,Diaz-Rodriguez et al. 2021
37,-70.78,-38.65,0,negative,SAm,Diaz-Rodriguez et al. 2021
38,-70.78,-39.98,0,negative,SAm,Diaz-Rodriguez et al. 2021
39,-70.75,-39.99,0,negative,SAm,Diaz-Rodriguez et al. 2021
40,-70.67,-41.45,0,negative,SAm,Diaz-Rodriguez et al. 2021
41,-70.61,-38.3,0,negative,SAm,Diaz-Rodriguez et al. 2021
42,-70.31,-39.11,0,negative,SAm,Diaz-Rodriguez et al. 2021
43,-70.22,-41.04,0,negative,SAm,Diaz-Rodriguez et al. 2021
44,-70.21,-42.07,0,negative,SAm,Diaz-Rodriguez et al. 2021
45,-70.15,-38.92,0,negative,SAm,Diaz-Rodriguez et al. 2021
46,-70.14,-41.77,0,negative,SAm,Diaz-Rodriguez et al. 2021
47,-70.05,-42.14,0,negative,SAm,Diaz-Rodriguez et al. 2021
48,-69.87,-39.16,0,negative,SAm,Diaz-Rodriguez et al. 2021
49,-69.8,-41.37,0,negative,SAm,Diaz-Rodriguez et al. 2021
50,-68.5525,-21.9106,0,negative,SAm,Diaz-Rodriguez et al. 2021
51,-68.5403,-21.9153,0,negative,SAm,Diaz-Rodriguez et al. 2021
52,-68.5239,-21.8911,0,negative,SAm,Diaz-Rodriguez et al. 2021
53,-68.5228,-21.9072,0,negative,SAm,Diaz-Rodriguez et al. 2021
54,-68.5175,-25.3011,0,negative,SAm,Diaz-Rodriguez et al. 2021
55,-68.5108,-21.895,0,negative,SAm,Diaz-Rodriguez et al. 2021
56,-68.5078,-21.8964,0,negative,SAm,Diaz-Rodriguez et al. 2021
57,-68.5042,-21.8939,0,negative,SAm,Diaz-Rodriguez et al. 2021
58,-68.4969,-21.8939,0,negative,SAm,Diaz-Rodriguez et al. 2021
59,-68.4853,-21.8478,0,negative,SAm,Diaz-Rodriguez et al. 2021
60,-68.4806,-21.8319,0,negative,SAm,Diaz-Rodriguez et al. 2021
61,-68.4681,-21.9006,0,negative,SAm,Diaz-Rodriguez et al. 2021
62,-68.4614,-21.8494,0,negative,SAm,Diaz-Rodriguez et al. 2021
63,-68.4608,-21.8864,0,negative,SAm,Diaz-Rodriguez et al. 2021
64,-68.4578,-21.8869,0,negative,SAm,Diaz-Rodriguez et al. 2021
65,-68.4569,-21.8861,0,negative,SAm,Diaz-Rodriguez et al. 2021
66,-68.4533,-21.8536,0,negative,SAm,Diaz-Rodriguez et al. 2021
67,-68.1875,-21.2875,0,negative,SAm,Diaz-Rodriguez et al. 2021
68,-68.1875,-21.3056,0,negative,SAm,Diaz-Rodriguez et al. 2021
69,-68.1833,-21.3028,0,negative,SAm,Diaz-Rodriguez et al. 2021
70,-69.0,-37.1,1,negative,SAm,Diaz-Rodriguez et al. 2021
71,-68.2947,-21.3185,1,negative,SAm,Diaz-Rodriguez et al. 2021
72,-73.17,-45.1,2,negative,SAm,Diaz-Rodriguez et al. 2021
73,-72.984,-45.059,2,negative,SAm,Diaz-Rodriguez et al. 2021
74,-72.97,-45.9,2,negative,SAm,Diaz-Rodriguez et al. 2021
75,-72.88,-44.08,2,negative,SAm,Diaz-Rodriguez et al. 2021
76,-72.6,-41.01,2,negative,SAm,Diaz-Rodriguez et al. 2021
77,-72.53,-44.3,2,negative,SAm,Diaz-Rodriguez et al. 2021
78,-72.225,-41.3,2,negative,SAm,Diaz-Rodriguez et al. 2021
79,-72.12,-40.59,2,negative,SAm,Diaz-Rodriguez et al. 2021
80,-72.0,-40.35,2,negative,SAm,Diaz-Rodriguez et al. 2021
81,-72.0,-40.75,2,negative,SAm,Diaz-Rodriguez et al. 2021
82,-71.95,-39.42,2,negative,SAm,Diaz-Rodriguez et al. 2021
83,-71.93,-39.42,2,negative,SAm,Diaz-Rodriguez et al. 2021
84,-71.8,-37.38,2,negative,SAm,Diaz-Rodriguez et al. 2021
85,-71.6,-38.4,2,negative,SAm,Diaz-Rodriguez et al. 2021
86,-71.5,-38.5,2,negative,SAm,Diaz-Rodriguez et al. 2021
87,-71.46,-37.4,2,negative,SAm,Diaz-Rodriguez et al. 2021
88,-71.37,-37.38,2,negative,SAm,Diaz-Rodriguez et al. 2021
89,-71.36,-37.4,2,negative,SAm,Diaz-Rodriguez et al. 2021
90,-71.35,-37.37,2,negative,SAm,Diaz-Rodriguez et al. 2021
91,-71.35,-37.39,2,negative,SAm,Diaz-Rodriguez et al. 2021
92,-71.34,-37.4,2,negative,SAm,Diaz-Rodriguez et al. 2021
93,-71.33,-37.45,2,negative,SAm,Diaz-Rodriguez et al. 2021
94,-71.32,-37.38,2,negative,SAm,Diaz-Rodriguez et al. 2021
95,-71.32,-37.46,2,negative,SAm,Diaz-Rodriguez et al. 2021
96,-71.3,-37.39,2,negative,SAm,Diaz-Rodriguez et al. 2021
97,-71.3,-37.41,2,negative,SAm,Diaz-Rodriguez et al. 2021
98,-71.27,-36.2,2,negative,SAm,Diaz-Rodriguez et al. 2021
99,-71.0,-36.0,2,negative,SAm,Diaz-Rodriguez et al. 2021
100,-70.85,-35.58,2,negative,SAm,Diaz-Rodriguez et al. 2021
101,-70.7783,-44.7167,2,negative,SAm,Diaz-Rodriguez et al. 2021
102,-70.7,-37.48,2,negative,SAm,Diaz-Rodriguez et al. 2021
103,-70.674,-46.5903,2,negative,SAm,Diaz-Rodriguez et al. 2021
104,-70.67,-35.6,2,negative,SAm,Diaz-Rodriguez et al. 2021
105,-70.593,-35.952,2,negative,SAm,Diaz-Rodriguez et al. 2021
106,-70.57,-35.24,2,negative,SAm,Diaz-Rodriguez et al. 2021
107,-70.569,-35.965,2,negative,SAm,Diaz-Rodriguez et al. 2021
108,-70.557,-35.962,2,negative,SAm,Diaz-Rodriguez et al. 2021
109,-70.556,-35.968,2,negative,SAm,Diaz-Rodriguez et al. 2021
110,-70.5,-35.0,2,negative,SAm,Diaz-Rodriguez et al. 2021
111,-70.5,-35.795,2,negative,SAm,Diaz-Rodriguez et al. 2021
112,-70.5,-36.0,2,negative,SAm,Diaz-Rodriguez et al. 2021
113,-70.48,-35.93,2,negative,SAm,Diaz-Rodriguez et al. 2021
114,-70.4319,-42.0581,2,negative,SAm,Diaz-Rodriguez et al. 2021
115,-70.34622,-35.96706,2,negative,SAm,Diaz-Rodriguez et al. 2021
116,-70.2794,-42.1461,2,negative,SAm,Diaz-Rodriguez et al. 2021
117,-70.2664,-42.1497,2,negative,SAm,Diaz-Rodriguez et al. 2021
118,-70.2356,-41.9086,2,negative,SAm,Diaz-Rodriguez et al. 2021
119,-70.2244,-42.105,2,negative,SAm,Diaz-Rodriguez et al. 2021
120,-70.2231,-42.1294,2,negative,SAm,Diaz-Rodriguez et al. 2021
121,-70.2225,-42.1122,2,negative,SAm,Diaz-Rodriguez et al. 2021
122,-70.22,-41.9108,2,negative,SAm,Diaz-Rodriguez et al. 2021
123,-70.1853,-42.0094,2,negative,SAm,Diaz-Rodriguez et al. 2021
124,-70.1569,-42.0525,2,negative,SAm,Diaz-Rodriguez et al. 2021
125,-70.13,-45.63,2,negative,SAm,Diaz-Rodriguez et al. 2021
126,-70.124,-37.302,2,negative,SAm,Diaz-Rodriguez et al. 2021
127,-70.1236,-41.9081,2,negative,SAm,Diaz-Rodriguez et al. 2021
128,-70.10533,-35.79714,2,negative,SAm,Diaz-Rodriguez et al. 2021
129,-70.065,-37.209,2,negative,SAm,Diaz-Rodriguez et al. 2021
130,-70.050185,-35.829186,2,negative,SAm,Diaz-Rodriguez et al. 2021
131,-69.9989,-42.0544,2,negative,SAm,Diaz-Rodriguez et al. 2021
132,-69.947,-37.142,2,negative,SAm,Diaz-Rodriguez et al. 2021
133,-69.943,-37.166,2,negative,SAm,Diaz-Rodriguez et al. 2021
134,-69.9311,-42.14,2,negative,SAm,Diaz-Rodriguez et al. 2021
135,-69.924,-37.227,2,negative,SAm,Diaz-Rodriguez et al. 2021
136,-69.9214,-42.1436,2,negative,SAm,Diaz-Rodriguez et al. 2021
137,-69.88212,-35.13675,2,negative,SAm,Diaz-Rodriguez et al. 2021
138,-69.882,-35.133,2,negative,SAm,Diaz-Rodriguez et al. 2021
139,-69.88161,-35.13689,2,negative,SAm,Diaz-Rodriguez et al. 2021
140,-69.877,-35.161,2,negative,SAm,Diaz-Rodriguez et al. 2021
141,-69.874,-35.127,2,negative,SAm,Diaz-Rodriguez et al. 2021
142,-69.87,-35.13,2,negative,SAm,Diaz-Rodriguez et al. 2021
143,-69.866,-35.136,2,negative,SAm,Diaz-Rodriguez et al. 2021
144,-69.8644,-42.1867,2,negative,SAm,Diaz-Rodriguez et al. 2021
145,-69.8633,-42.8633,2,negative,SAm,Diaz-Rodriguez et al. 2021
146,-69.861154,-36.753031,2,negative,SAm,Diaz-Rodriguez et al. 2021
147,-69.856212,-35.464918,2,negative,SAm,Diaz-Rodriguez et al. 2021
148,-69.85008,-35.4635,2,negative,SAm,Diaz-Rodriguez et al. 2021
149,-69.8493,-35.1392,2,negative,SAm,Diaz-Rodriguez et al. 2021
150,-69.8481,-42.2339,2,negative,SAm,Diaz-Rodriguez et al. 2021
151,-69.84137,-37.016022,2,negative,SAm,Diaz-Rodriguez et al. 2021
152,-69.8192,-42.2283,2,negative,SAm,Diaz-Rodriguez et al. 2021
153,-69.794,-35.166,2,negative,SAm,Diaz-Rodriguez et al. 2021
154,-69.794,-35.176,2,negative,SAm,Diaz-Rodriguez et al. 2021
155,-69.791,-35.163,2,negative,SAm,Diaz-Rodriguez et al. 2021
156,-69.79,-35.17,2,negative,SAm,Diaz-Rodriguez et al. 2021
157,-69.784,-35.163,2,negative,SAm,Diaz-Rodriguez et al. 2021
158,-69.782,-35.178,2,negative,SAm,Diaz-Rodriguez et al. 2021
159,-69.776,-35.168,2,negative,SAm,Diaz-Rodriguez et al. 2021
160,-69.776,-35.173,2,negative,SAm,Diaz-Rodriguez et al. 2021
161,-69.775,-35.168,2,negative,SAm,Diaz-Rodriguez et al. 2021
162,-69.774,-35.174,2,negative,SAm,Diaz-Rodriguez et al. 2021
163,-69.77327,-35.1865,2,negative,SAm,Diaz-Rodriguez et al. 2021
164,-69.772,-35.194,2,negative,SAm,Diaz-Rodriguez et al. 2021
165,-69.726778,-36.0425,2,negative,SAm,Diaz-Rodriguez et al. 2021
166,-69.707,-35.1032,2,negative,SAm,Diaz-Rodriguez et al. 2021
167,-69.68718,-35.14037,2,negative,SAm,Diaz-Rodriguez et al. 2021
168,-69.680367,-36.321231,2,negative,SAm,Diaz-Rodriguez et al. 2021
169,-69.666953,-36.310645,2,negative,SAm,Diaz-Rodriguez et al. 2021
170,-69.6664,-36.3124,2,negative,SAm,Diaz-Rodriguez et al. 2021
171,-69.66588,-36.31321,2,negative,SAm,Diaz-Rodriguez et al. 2021
172,-69.66558,-36.31269,2,negative,SAm,Diaz-Rodriguez et al. 2021
173,-69.664,-36.3133,2,negative,SAm,Diaz-Rodriguez et al. 2021
174,-69.6636,-36.3129,2,negative,SAm,Diaz-Rodriguez et al. 2021
175,-69.66344,-36.31422,2,negative,SAm,Diaz-Rodriguez et al. 2021
176,-69.6633,-36.3129,2,negative,SAm,Diaz-Rodriguez et al. 2021
177,-69.662084,-36.616465,2,negative,SAm,Diaz-Rodriguez et al. 2021
178,-69.661916,-36.418578,2,negative,SAm,Diaz-Rodriguez et al. 2021
179,-69.66158,-35.14045,2,negative,SAm,Diaz-Rodriguez et al. 2021
180,-69.6601,-36.4239,2,negative,SAm,Diaz-Rodriguez et al. 2021
181,-69.65015,-36.47218,2,negative,SAm,Diaz-Rodriguez et al. 2021
182,-69.64996,-36.47188,2,negative,SAm,Diaz-Rodriguez et al. 2021
183,-69.6465,-36.3281,2,negative,SAm,Diaz-Rodriguez et al. 2021
184,-69.64609,-36.43145,2,negative,SAm,Diaz-Rodriguez et al. 2021
185,-69.645657,-36.43231,2,negative,SAm,Diaz-Rodriguez et al. 2021
186,-69.630201,-36.534823,2,negative,SAm,Diaz-Rodriguez et al. 2021
187,-69.622911,-36.277068,2,negative,SAm,Diaz-Rodriguez et al. 2021
188,-69.6206,-36.3362,2,negative,SAm,Diaz-Rodriguez et al. 2021
189,-69.6199,-36.3363,2,negative,SAm,Diaz-Rodriguez et al. 2021
190,-69.61708,-36.275097,2,negative,SAm,Diaz-Rodriguez et al. 2021
191,-69.614353,-36.556698,2,negative,SAm,Diaz-Rodriguez et al. 2021
192,-69.59911,-36.4165,2,negative,SAm,Diaz-Rodriguez et al. 2021
193,-69.58483,-36.4136,2,negative,SAm,Diaz-Rodriguez et al. 2021
194,-69.55395,-36.31385,2,negative,SAm,Diaz-Rodriguez et al. 2021
195,-69.541283,-35.655783,2,negative,SAm,Diaz-Rodriguez et al. 2021
196,-69.525022,-35.663015,2,negative,SAm,Diaz-Rodriguez et al. 2021
197,-69.52397,-35.66356,2,negative,SAm,Diaz-Rodriguez et al. 2021
198,-69.510409,-35.608555,2,negative,SAm,Diaz-Rodriguez et al. 2021
199,-69.497961,-36.221486,2,negative,SAm,Diaz-Rodriguez et al. 2021
200,-69.49763,-35.668585,2,negative,SAm,Diaz-Rodriguez et al. 2021
201,-69.48225,-35.7687,2,negative,SAm,Diaz-Rodriguez et al. 2021
202,-69.47816,-35.75967,2,negative,SAm,Diaz-Rodriguez et al. 2021
203,-69.47373,-35.7609,2,negative,SAm,Diaz-Rodriguez et al. 2021
204,-69.47198,-36.33761,2,negative,SAm,Diaz-Rodriguez et al. 2021
205,-69.470704,-36.338115,2,negative,SAm,Diaz-Rodriguez et al. 2021
206,-69.46592,-35.77222,2,negative,SAm,Diaz-Rodriguez et al. 2021
207,-69.463136,-35.70942,2,negative,SAm,Diaz-Rodriguez et al. 2021
208,-69.46106,-35.71044,2,negative,SAm,Diaz-Rodriguez et al. 2021
209,-69.4584,-35.711057,2,negative,SAm,Diaz-Rodriguez et al. 2021
210,-69.45694,-35.71181,2,negative,SAm,Diaz-Rodriguez et al. 2021
211,-69.453761,-35.721881,2,negative,SAm,Diaz-Rodriguez et al. 2021
212,-69.453104,-36.374001,2,negative,SAm,Diaz-Rodriguez et al. 2021
213,-69.451265,-35.497736,2,negative,SAm,Diaz-Rodriguez et al. 2021
214,-69.444808,-35.726558,2,negative,SAm,Diaz-Rodriguez et al. 2021
215,-69.43778,-36.378602,2,negative,SAm,Diaz-Rodriguez et al. 2021
216,-69.436928,-35.921923,2,negative,SAm,Diaz-Rodriguez et al. 2021
217,-69.42893,-36.42983,2,negative,SAm,Diaz-Rodriguez et al. 2021
218,-69.425,-36.4,2,negative,SAm,Diaz-Rodriguez et al. 2021
219,-69.417929,-36.096864,2,negative,SAm,Diaz-Rodriguez et al. 2021
220,-69.413251,-36.301812,2,negative,SAm,Diaz-Rodriguez et al. 2021
221,-69.411389,-36.354544,2,negative,SAm,Diaz-Rodriguez et al. 2021
222,-69.408868,-35.752051,2,negative,SAm,Diaz-Rodriguez et al. 2021
223,-69.40653,-36.25514,2,negative,SAm,Diaz-Rodriguez et al. 2021
224,-69.40519,-36.025522,2,negative,SAm,Diaz-Rodriguez et al. 2021
225,-69.403254,-36.380263,2,negative,SAm,Diaz-Rodriguez et al. 2021
226,-69.402349,-36.374773,2,negative,SAm,Diaz-Rodriguez et al. 2021
227,-69.400259,-36.337061,2,negative,SAm,Diaz-Rodriguez et al. 2021
228,-69.39556,-36.33783,2,negative,SAm,Diaz-Rodriguez et al. 2021
229,-69.39555,-36.33783,2,negative,SAm,Diaz-Rodriguez et al. 2021
230,-69.39516,-36.21031,2,negative,SAm,Diaz-Rodriguez et al. 2021
231,-69.392026,-36.393234,2,negative,SAm,Diaz-Rodriguez et al. 2021
232,-69.39119,-36.39371,2,negative,SAm,Diaz-Rodriguez et al. 2021
233,-69.38658,-36.33972,2,negative,SAm,Diaz-Rodriguez et al. 2021
234,-69.384862,-36.456049,2,negative,SAm,Diaz-Rodriguez et al. 2021
235,-69.38328,-36.246824,2,negative,SAm,Diaz-Rodriguez et al. 2021
236,-69.38263,-36.44092,2,negative,SAm,Diaz-Rodriguez et al. 2021
237,-69.381429,-36.457327,2,negative,SAm,Diaz-Rodriguez et al. 2021
238,-69.38122,-36.45405,2,negative,SAm,Diaz-Rodriguez et al. 2021
239,-69.3807,-36.4421,2,negative,SAm,Diaz-Rodriguez et al. 2021
240,-69.375586,-36.466568,2,negative,SAm,Diaz-Rodriguez et al. 2021
241,-69.374542,-36.319077,2,negative,SAm,Diaz-Rodriguez et al. 2021
242,-69.3727,-36.4822,2,negative,SAm,Diaz-Rodriguez et al. 2021
243,-69.369947,-36.555743,2,negative,SAm,Diaz-Rodriguez et al. 2021
244,-69.36699,-36.3917,2,negative,SAm,Diaz-Rodriguez et al. 2021
245,-69.35017,-36.3855,2,negative,SAm,Diaz-Rodriguez et al. 2021
246,-69.35016,-36.3855,2,negative,SAm,Diaz-Rodriguez et al. 2021
247,-69.35,-36.4,2,negative,SAm,Diaz-Rodriguez et al. 2021
248,-69.3454,-36.5133,2,negative,SAm,Diaz-Rodriguez et al. 2021
249,-69.343666,-36.509336,2,negative,SAm,Diaz-Rodriguez et al. 2021
250,-69.341891,-36.510663,2,negative,SAm,Diaz-Rodriguez et al. 2021
251,-69.339834,-36.406062,2,negative,SAm,Diaz-Rodriguez et al. 2021
252,-69.33609,-36.22966,2,negative,SAm,Diaz-Rodriguez et al. 2021
253,-69.33517,-36.40703,2,negative,SAm,Diaz-Rodriguez et al. 2021
254,-69.333707,-36.301032,2,negative,SAm,Diaz-Rodriguez et al. 2021
255,-69.332706,-36.404163,2,negative,SAm,Diaz-Rodriguez et al. 2021
256,-69.332,-36.2966,2,negative,SAm,Diaz-Rodriguez et al. 2021
257,-69.3314,-36.30236,2,negative,SAm,Diaz-Rodriguez et al. 2021
258,-69.3314,-36.30237,2,negative,SAm,Diaz-Rodriguez et al. 2021
259,-69.33,-36.5,2,negative,SAm,Diaz-Rodriguez et al. 2021
260,-69.3296,-36.2814,2,negative,SAm,Diaz-Rodriguez et al. 2021
261,-69.32453,-36.33461,2,negative,SAm,Diaz-Rodriguez et al. 2021
262,-69.32452,-36.3346,2,negative,SAm,Diaz-Rodriguez et al. 2021
263,-69.32129,-36.501959,2,negative,SAm,Diaz-Rodriguez et al. 2021
264,-69.3186,-36.2948,2,negative,SAm,Diaz-Rodriguez et al. 2021
265,-69.31853,-36.306,2,negative,SAm,Diaz-Rodriguez et al. 2021
266,-69.3185,-36.306,2,negative,SAm,Diaz-Rodriguez et al. 2021
267,-69.317596,-35.766811,2,negative,SAm,Diaz-Rodriguez et al. 2021
268,-69.3165,-36.3032,2,negative,SAm,Diaz-Rodriguez et al. 2021
269,-69.31325,-36.23532,2,negative,SAm,Diaz-Rodriguez et al. 2021
270,-69.31216,-36.23573,2,negative,SAm,Diaz-Rodriguez et al. 2021
271,-69.31183,-36.33335,2,negative,SAm,Diaz-Rodriguez et al. 2021
272,-69.31183,-36.33336,2,negative,SAm,Diaz-Rodriguez et al. 2021
273,-69.3114,-36.2732,2,negative,SAm,Diaz-Rodriguez et al. 2021
274,-69.30819,-36.46533,2,negative,SAm,Diaz-Rodriguez et al. 2021
275,-69.30818,-36.46533,2,negative,SAm,Diaz-Rodriguez et al. 2021
276,-69.308,-36.2674,2,negative,SAm,Diaz-Rodriguez et al. 2021
277,-69.3058,-36.488,2,negative,SAm,Diaz-Rodriguez et al. 2021
278,-69.3049,-36.2802,2,negative,SAm,Diaz-Rodriguez et al. 2021
279,-69.30486,-36.37942,2,negative,SAm,Diaz-Rodriguez et al. 2021
280,-69.3005,-36.2669,2,negative,SAm,Diaz-Rodriguez et al. 2021
281,-69.30044,-36.32369,2,negative,SAm,Diaz-Rodriguez et al. 2021
282,-69.2988,-36.3095,2,negative,SAm,Diaz-Rodriguez et al. 2021
283,-69.29797,-36.30911,2,negative,SAm,Diaz-Rodriguez et al. 2021
284,-69.29719,-36.38861,2,negative,SAm,Diaz-Rodriguez et al. 2021
285,-69.29718,-36.3886,2,negative,SAm,Diaz-Rodriguez et al. 2021
286,-69.2967,-36.3079,2,negative,SAm,Diaz-Rodriguez et al. 2021
287,-69.296578,-36.308101,2,negative,SAm,Diaz-Rodriguez et al. 2021
288,-69.29575,-36.46668,2,negative,SAm,Diaz-Rodriguez et al. 2021
289,-69.29575,-36.46669,2,negative,SAm,Diaz-Rodriguez et al. 2021
290,-69.29533,-36.48658,2,negative,SAm,Diaz-Rodriguez et al. 2021
291,-69.2948,-36.4952,2,negative,SAm,Diaz-Rodriguez et al. 2021
292,-69.291,-36.5057,2,negative,SAm,Diaz-Rodriguez et al. 2021
293,-69.28744,-36.31122,2,negative,SAm,Diaz-Rodriguez et al. 2021
294,-69.28743,-36.31122,2,negative,SAm,Diaz-Rodriguez et al. 2021
295,-69.28133,-36.49194,2,negative,SAm,Diaz-Rodriguez et al. 2021
296,-69.27699,-36.35665,2,negative,SAm,Diaz-Rodriguez et al. 2021
297,-69.2765,-36.35861,2,negative,SAm,Diaz-Rodriguez et al. 2021
298,-69.27505,-36.49319,2,negative,SAm,Diaz-Rodriguez et al. 2021
299,-69.269747,-35.788476,2,negative,SAm,Diaz-Rodriguez et al. 2021
300,-69.26119,-36.37672,2,negative,SAm,Diaz-Rodriguez et al. 2021
301,-69.25908,-36.37664,2,negative,SAm,Diaz-Rodriguez et al. 2021
302,-69.25872,-36.37667,2,negative,SAm,Diaz-Rodriguez et al. 2021
303,-69.257765,-35.775873,2,negative,SAm,Diaz-Rodriguez et al. 2021
304,-69.25739,-36.37697,2,negative,SAm,Diaz-Rodriguez et al. 2021
305,-69.24983,-36.41119,2,negative,SAm,Diaz-Rodriguez et al. 2021
306,-69.23782,-36.37672,2,negative,SAm,Diaz-Rodriguez et al. 2021
307,-69.2353,-36.3855,2,negative,SAm,Diaz-Rodriguez et al. 2021
308,-69.234062,-36.356047,2,negative,SAm,Diaz-Rodriguez et al. 2021
309,-69.2331,-36.4571,2,negative,SAm,Diaz-Rodriguez et al. 2021
310,-69.226889,-36.074162,2,negative,SAm,Diaz-Rodriguez et al. 2021
311,-69.22119,-36.37789,2,negative,SAm,Diaz-Rodriguez et al. 2021
312,-69.22035,-36.39402,2,negative,SAm,Diaz-Rodriguez et al. 2021
313,-69.219795,-36.380322,2,negative,SAm,Diaz-Rodriguez et al. 2021
314,-69.219251,-36.377181,2,negative,SAm,Diaz-Rodriguez et al. 2021
315,-69.2191,-36.3938,2,negative,SAm,Diaz-Rodriguez et al. 2021
316,-69.2186,-36.1981,2,negative,SAm,Diaz-Rodriguez et al. 2021
317,-69.21708,-36.3903,2,negative,SAm,Diaz-Rodriguez et al. 2021
318,-69.2145,-36.2002,2,negative,SAm,Diaz-Rodriguez et al. 2021
319,-69.2135,-36.3739,2,negative,SAm,Diaz-Rodriguez et al. 2021
320,-69.2101,-36.3803,2,negative,SAm,Diaz-Rodriguez et al. 2021
321,-69.208615,-36.375531,2,negative,SAm,Diaz-Rodriguez et al. 2021
322,-69.205328,-35.61088,2,negative,SAm,Diaz-Rodriguez et al. 2021
323,-69.20192,-35.61292,2,negative,SAm,Diaz-Rodriguez et al. 2021
324,-69.20105,-36.48068,2,negative,SAm,Diaz-Rodriguez et al. 2021
325,-69.19827,-36.38033,2,negative,SAm,Diaz-Rodriguez et al. 2021
326,-69.19545,-35.80328,2,negative,SAm,Diaz-Rodriguez et al. 2021
327,-69.18299,-37.052135,2,negative,SAm,Diaz-Rodriguez et al. 2021
328,-69.18133,-36.47598,2,negative,SAm,Diaz-Rodriguez et al. 2021
329,-69.177423,-35.871425,2,negative,SAm,Diaz-Rodriguez et al. 2021
330,-69.1774,-36.38328,2,negative,SAm,Diaz-Rodriguez et al. 2021
331,-69.17734,-35.803749,2,negative,SAm,Diaz-Rodriguez et al. 2021
332,-69.175114,-35.829191,2,negative,SAm,Diaz-Rodriguez et al. 2021
333,-69.174522,-35.75828,2,negative,SAm,Diaz-Rodriguez et al. 2021
334,-69.17307,-36.38952,2,negative,SAm,Diaz-Rodriguez et al. 2021
335,-69.16877,-36.3898,2,negative,SAm,Diaz-Rodriguez et al. 2021
336,-69.16847,-36.39553,2,negative,SAm,Diaz-Rodriguez et al. 2021
337,-69.162,-35.84869,2,negative,SAm,Diaz-Rodriguez et al. 2021
338,-69.16015,-36.42813,2,negative,SAm,Diaz-Rodriguez et al. 2021
339,-69.15128,-35.82869,2,negative,SAm,Diaz-Rodriguez et al. 2021
340,-69.1455,-35.83594,2,negative,SAm,Diaz-Rodriguez et al. 2021
341,-69.145338,-35.844228,2,negative,SAm,Diaz-Rodriguez et al. 2021
342,-69.14394,-35.83972,2,negative,SAm,Diaz-Rodriguez et al. 2021
343,-69.1158,-36.40464,2,negative,SAm,Diaz-Rodriguez et al. 2021
344,-69.11,-36.41042,2,negative,SAm,Diaz-Rodriguez et al. 2021
345,-69.089918,-37.239358,2,negative,SAm,Diaz-Rodriguez et al. 2021
346,-69.08827,-36.004592,2,negative,SAm,Diaz-Rodriguez et al. 2021
347,-69.08389,-35.63997,2,negative,SAm,Diaz-Rodriguez et al. 2021
348,-69.07819,-36.30256,2,negative,SAm,Diaz-Rodriguez et al. 2021
349,-69.07818,-36.30255,2,negative,SAm,Diaz-Rodriguez et al. 2021
350,-69.06698,-36.53151,2,negative,SAm,Diaz-Rodriguez et al. 2021
351,-69.066911,-36.076442,2,negative,SAm,Diaz-Rodriguez et al. 2021
352,-69.0654,-35.980633,2,negative,SAm,Diaz-Rodriguez et al. 2021
353,-69.064269,-35.98833,2,negative,SAm,Diaz-Rodriguez et al. 2021
354,-69.05822,-36.3958,2,negative,SAm,Diaz-Rodriguez et al. 2021
355,-69.054045,-35.949851,2,negative,SAm,Diaz-Rodriguez et al. 2021
356,-69.04269,-36.39061,2,negative,SAm,Diaz-Rodriguez et al. 2021
357,-69.04147,-36.3871,2,negative,SAm,Diaz-Rodriguez et al. 2021
358,-69.04147,-36.38711,2,negative,SAm,Diaz-Rodriguez et al. 2021
359,-69.031313,-37.316023,2,negative,SAm,Diaz-Rodriguez et al. 2021
360,-69.023441,-37.318308,2,negative,SAm,Diaz-Rodriguez et al. 2021
361,-69.018577,-37.285241,2,negative,SAm,Diaz-Rodriguez et al. 2021
362,-69.018397,-37.304216,2,negative,SAm,Diaz-Rodriguez et al. 2021
363,-69.016196,-37.365418,2,negative,SAm,Diaz-Rodriguez et al. 2021
364,-69.015855,-37.302525,2,negative,SAm,Diaz-Rodriguez et al. 2021
365,-69.014187,-37.301257,2,negative,SAm,Diaz-Rodriguez et al. 2021
366,-69.011904,-35.294041,2,negative,SAm,Diaz-Rodriguez et al. 2021
367,-68.990674,-37.329664,2,negative,SAm,Diaz-Rodriguez et al. 2021
368,-68.976094,-37.304079,2,negative,SAm,Diaz-Rodriguez et al. 2021
369,-68.975744,-37.310791,2,negative,SAm,Diaz-Rodriguez et al. 2021
370,-68.97419,-35.982037,2,negative,SAm,Diaz-Rodriguez et al. 2021
371,-68.958466,-37.328782,2,negative,SAm,Diaz-Rodriguez et al. 2021
372,-68.950424,-36.751228,2,negative,SAm,Diaz-Rodriguez et al. 2021
373,-68.949138,-36.749201,2,negative,SAm,Diaz-Rodriguez et al. 2021
374,-68.946168,-35.423661,2,negative,SAm,Diaz-Rodriguez et al. 2021
375,-68.919407,-35.239884,2,negative,SAm,Diaz-Rodriguez et al. 2021
376,-68.897703,-35.397684,2,negative,SAm,Diaz-Rodriguez et al. 2021
377,-68.8561,-19.15,2,negative,SAm,Diaz-Rodriguez et al. 2021
378,-68.855467,-36.753585,2,negative,SAm,Diaz-Rodriguez et al. 2021
379,-68.8,-35.25,2,negative,SAm,Diaz-Rodriguez et al. 2021
380,-68.797688,-36.101989,2,negative,SAm,Diaz-Rodriguez et al. 2021
381,-68.777777,-35.465932,2,negative,SAm,Diaz-Rodriguez et al. 2021
382,-68.76137,-35.514089,2,negative,SAm,Diaz-Rodriguez et al. 2021
383,-68.752912,-36.695191,2,negative,SAm,Diaz-Rodriguez et al. 2021
384,-68.717001,-35.365372,2,negative,SAm,Diaz-Rodriguez et al. 2021
385,-68.705399,-36.676822,2,negative,SAm,Diaz-Rodriguez et al. 2021
386,-68.694174,-35.674456,2,negative,SAm,Diaz-Rodriguez et al. 2021
387,-68.693122,-36.14964,2,negative,SAm,Diaz-Rodriguez et al. 2021
388,-68.689397,-36.151465,2,negative,SAm,Diaz-Rodriguez et al. 2021
389,-68.680803,-37.35512,2,negative,SAm,Diaz-Rodriguez et al. 2021
390,-68.665845,-37.394798,2,negative,SAm,Diaz-Rodriguez et al. 2021
391,-68.66385,-35.020814,2,negative,SAm,Diaz-Rodriguez et al. 2021
392,-68.63973,-35.59946,2,negative,SAm,Diaz-Rodriguez et al. 2021
393,-68.62995,-37.38955,2,negative,SAm,Diaz-Rodriguez et al. 2021
394,-68.622984,-36.605927,2,negative,SAm,Diaz-Rodriguez et al. 2021
395,-68.6167,-20.7667,2,negative,SAm,Diaz-Rodriguez et al. 2021
396,-68.616082,-36.60906,2,negative,SAm,Diaz-Rodriguez et al. 2021
397,-68.58,-36.40847,2,negative,SAm,Diaz-Rodriguez et al. 2021
398,-68.57889,-36.41244,2,negative,SAm,Diaz-Rodriguez et al. 2021
399,-68.5763,-36.373194,2,negative,SAm,Diaz-Rodriguez et al. 2021
400,-68.57544,-36.37317,2,negative,SAm,Diaz-Rodriguez et al. 2021
401,-68.5747,-24.7647,2,negative,SAm,Diaz-Rodriguez et al. 2021
402,-68.5653,-20.7333,2,negative,SAm,Diaz-Rodriguez et al. 2021
403,-68.5611,-20.7333,2,negative,SAm,Diaz-Rodriguez et al. 2021
404,-68.56,-25.1397,2,negative,SAm,Diaz-Rodriguez et al. 2021
405,-68.559,-24.756,2,negative,SAm,Diaz-Rodriguez et al. 2021
406,-68.5586,-20.7333,2,negative,SAm,Diaz-Rodriguez et al. 2021
407,-68.5581,-20.7333,2,negative,SAm,Diaz-Rodriguez et al. 2021
408,-68.5581,-24.6839,2,negative,SAm,Diaz-Rodriguez et al. 2021
409,-68.55,-20.7333,2,negative,SAm,Diaz-Rodriguez et al. 2021
410,-68.529,-24.754,2,negative,SAm,Diaz-Rodriguez et al. 2021
411,-68.5189,-25.1253,2,negative,SAm,Diaz-Rodriguez et al. 2021
412,-68.5167,-25.1431,2,negative,SAm,Diaz-Rodriguez et al. 2021
413,-68.516,-24.739,2,negative,SAm,Diaz-Rodriguez et al. 2021
414,-68.5156,-25.1461,2,negative,SAm,Diaz-Rodriguez et al. 2021
415,-68.515,-24.748,2,negative,SAm,Diaz-Rodriguez et al. 2021
416,-68.5117,-21.9028,2,negative,SAm,Diaz-Rodriguez et al. 2021
417,-68.5108,-21.8908,2,negative,SAm,Diaz-Rodriguez et al. 2021
418,-68.5106,-21.8908,2,negative,SAm,Diaz-Rodriguez et al. 2021
419,-68.5086,-21.895,2,negative,SAm,Diaz-Rodriguez et al. 2021
420,-68.5072,-21.9344,2,negative,SAm,Diaz-Rodriguez et al. 2021
421,-68.5042,-21.8939,2,negative,SAm,Diaz-Rodriguez et al. 2021
422,-68.503,-24.76,2,negative,SAm,Diaz-Rodriguez et al. 2021
423,-68.5008,-21.8861,2,negative,SAm,Diaz-Rodriguez et al. 2021
424,-68.5008,-21.9061,2,negative,SAm,Diaz-Rodriguez et al. 2021
425,-68.5003,-21.8911,2,negative,SAm,Diaz-Rodriguez et al. 2021
426,-68.5,-20.9333,2,negative,SAm,Diaz-Rodriguez et al. 2021
427,-68.4994,-21.8642,2,negative,SAm,Diaz-Rodriguez et al. 2021
428,-68.4994,-21.8872,2,negative,SAm,Diaz-Rodriguez et al. 2021
429,-68.4994,-21.8922,2,negative,SAm,Diaz-Rodriguez et al. 2021
430,-68.4989,-21.8894,2,negative,SAm,Diaz-Rodriguez et al. 2021
431,-68.4986,-21.8889,2,negative,SAm,Diaz-Rodriguez et al. 2021
432,-68.4978,-21.87,2,negative,SAm,Diaz-Rodriguez et al. 2021
433,-68.4778,-21.8839,2,negative,SAm,Diaz-Rodriguez et al. 2021
434,-68.4706,-21.925,2,negative,SAm,Diaz-Rodriguez et al. 2021
435,-68.4667,-21.2,2,negative,SAm,Diaz-Rodriguez et al. 2021
436,-68.4639,-21.8233,2,negative,SAm,Diaz-Rodriguez et al. 2021
437,-68.4636,-21.8244,2,negative,SAm,Diaz-Rodriguez et al. 2021
438,-68.4608,-21.8864,2,negative,SAm,Diaz-Rodriguez et al. 2021
439,-68.4578,-21.8869,2,negative,SAm,Diaz-Rodriguez et al. 2021
440,-68.4522,-24.4706,2,negative,SAm,Diaz-Rodriguez et al. 2021
441,-68.430098,-35.319993,2,negative,SAm,Diaz-Rodriguez et al. 2021
442,-68.4144,-21.7992,2,negative,SAm,Diaz-Rodriguez et al. 2021
443,-68.398,-24.8002,2,negative,SAm,Diaz-Rodriguez et al. 2021
444,-68.375,-24.92,2,negative,SAm,Diaz-Rodriguez et al. 2021
445,-68.374251,-35.328507,2,negative,SAm,Diaz-Rodriguez et al. 2021
446,-68.3611,-24.3972,2,negative,SAm,Diaz-Rodriguez et al. 2021
447,-68.3275,-24.2967,2,negative,SAm,Diaz-Rodriguez et al. 2021
448,-68.3273,-21.7968,2,negative,SAm,Diaz-Rodriguez et al. 2021
449,-68.324167,-35.350333,2,negative,SAm,Diaz-Rodriguez et al. 2021
450,-68.3192,-24.1372,2,negative,SAm,Diaz-Rodriguez et al. 2021
451,-68.3161,-24.1364,2,negative,SAm,Diaz-Rodriguez et al. 2021
452,-68.3103,-24.1372,2,negative,SAm,Diaz-Rodriguez et al. 2021
453,-68.3069,-24.1392,2,negative,SAm,Diaz-Rodriguez et al. 2021
454,-68.30403,-35.169272,2,negative,SAm,Diaz-Rodriguez et al. 2021
455,-68.2947,-21.9989,2,negative,SAm,Diaz-Rodriguez et al. 2021
456,-68.2942,-21.3208,2,negative,SAm,Diaz-Rodriguez et al. 2021
457,-68.2939,-21.3217,2,negative,SAm,Diaz-Rodriguez et al. 2021
458,-68.2936,-21.9972,2,negative,SAm,Diaz-Rodriguez et al. 2021
459,-68.2883,-22.0242,2,negative,SAm,Diaz-Rodriguez et al. 2021
460,-68.278592,-35.197284,2,negative,SAm,Diaz-Rodriguez et al. 2021
461,-68.273049,-35.204269,2,negative,SAm,Diaz-Rodriguez et al. 2021
462,-68.2694,-21.2694,2,negative,SAm,Diaz-Rodriguez et al. 2021
463,-68.2653,-24.14,2,negative,SAm,Diaz-Rodriguez et al. 2021
464,-68.260773,-35.208528,2,negative,SAm,Diaz-Rodriguez et al. 2021
465,-68.2572,-22.0419,2,negative,SAm,Diaz-Rodriguez et al. 2021
466,-68.253408,-35.250135,2,negative,SAm,Diaz-Rodriguez et al. 2021
467,-68.251476,-35.080093,2,negative,SAm,Diaz-Rodriguez et al. 2021
468,-68.25,-21.2495,2,negative,SAm,Diaz-Rodriguez et al. 2021
469,-68.239965,-35.288295,2,negative,SAm,Diaz-Rodriguez et al. 2021
470,-68.2296,-21.8817,2,negative,SAm,Diaz-Rodriguez et al. 2021
471,-68.2267,-24.1583,2,negative,SAm,Diaz-Rodriguez et al. 2021
472,-68.2258,-21.8429,2,negative,SAm,Diaz-Rodriguez et al. 2021
473,-68.2222,-21.8457,2,negative,SAm,Diaz-Rodriguez et al. 2021
474,-68.2189,-24.1514,2,negative,SAm,Diaz-Rodriguez et al. 2021
475,-68.2143,-21.834,2,negative,SAm,Diaz-Rodriguez et al. 2021
476,-68.2096,-21.8485,2,negative,SAm,Diaz-Rodriguez et al. 2021
477,-68.2024,-21.8087,2,negative,SAm,Diaz-Rodriguez et al. 2021
478,-68.2013,-21.8128,2,negative,SAm,Diaz-Rodriguez et al. 2021
479,-68.1966,-21.8914,2,negative,SAm,Diaz-Rodriguez et al. 2021
480,-68.195,-21.305,2,negative,SAm,Diaz-Rodriguez et al. 2021
481,-68.187008,-35.355993,2,negative,SAm,Diaz-Rodriguez et al. 2021
482,-68.1856,-21.845,2,negative,SAm,Diaz-Rodriguez et al. 2021
483,-68.1833,-21.3,2,negative,SAm,Diaz-Rodriguez et al. 2021
484,-68.1803,-22.0089,2,negative,SAm,Diaz-Rodriguez et al. 2021
485,-68.17917,-21.30222,2,negative,SAm,Diaz-Rodriguez et al. 2021
486,-68.1789,-21.8314,2,negative,SAm,Diaz-Rodriguez et al. 2021
487,-68.1766,-21.8434,2,negative,SAm,Diaz-Rodriguez et al. 2021
488,-68.175,-21.3139,2,negative,SAm,Diaz-Rodriguez et al. 2021
489,-68.1681,-21.3153,2,negative,SAm,Diaz-Rodriguez et al. 2021
490,-68.165,-21.31,2,negative,SAm,Diaz-Rodriguez et al. 2021
491,-68.1616,-21.828,2,negative,SAm,Diaz-Rodriguez et al. 2021
492,-68.1605,-21.8616,2,negative,SAm,Diaz-Rodriguez et al. 2021
493,-68.158,-21.8672,2,negative,SAm,Diaz-Rodriguez et al. 2021
494,-68.1544,-21.8418,2,negative,SAm,Diaz-Rodriguez et al. 2021
495,-68.1531,-21.8813,2,negative,SAm,Diaz-Rodriguez et al. 2021
496,-68.1487,-21.842,2,negative,SAm,Diaz-Rodriguez et al. 2021
497,-68.144655,-36.196157,2,negative,SAm,Diaz-Rodriguez et al. 2021
498,-68.1406,-21.8189,2,negative,SAm,Diaz-Rodriguez et al. 2021
499,-68.1242,-21.8458,2,negative,SAm,Diaz-Rodriguez et al. 2021
500,-68.110397,-35.19853,2,negative,SAm,Diaz-Rodriguez et al. 2021
501,-68.0922,-21.9172,2,negative,SAm,Diaz-Rodriguez et al. 2021
502,-68.092,-21.2915,2,negative,SAm,Diaz-Rodriguez et al. 2021
503,-68.083653,-35.887842,2,negative,SAm,Diaz-Rodriguez et al. 2021
504,-68.068029,-35.437237,2,negative,SAm,Diaz-Rodriguez et al. 2021
505,-68.0258,-22.8764,2,negative,SAm,Diaz-Rodriguez et al. 2021
506,-68.013528,-35.154944,2,negative,SAm,Diaz-Rodriguez et al. 2021
507,-67.967429,-35.477316,2,negative,SAm,Diaz-Rodriguez et al. 2021
508,-67.9528,-22.4144,2,negative,SAm,Diaz-Rodriguez et al. 2021
509,-67.9347,-22.6528,2,negative,SAm,Diaz-Rodriguez et al. 2021
510,-67.9311,-22.8267,2,negative,SAm,Diaz-Rodriguez et al. 2021
511,-67.9308,-22.8183,2,negative,SAm,Diaz-Rodriguez et al. 2021
512,-67.9303,-22.8331,2,negative,SAm,Diaz-Rodriguez et al. 2021
513,-67.9172,-22.805,2,negative,SAm,Diaz-Rodriguez et al. 2021
514,-67.9056,-22.5542,2,negative,SAm,Diaz-Rodriguez et al. 2021
515,-67.9044,-22.6367,2,negative,SAm,Diaz-Rodriguez et al. 2021
516,-67.9008,-22.6839,2,negative,SAm,Diaz-Rodriguez et al. 2021
517,-67.9,-22.7206,2,negative,SAm,Diaz-Rodriguez et al. 2021
518,-67.8983,-22.5531,2,negative,SAm,Diaz-Rodriguez et al. 2021
519,-67.8983,-22.7217,2,negative,SAm,Diaz-Rodriguez et al. 2021
520,-67.8981,-22.7228,2,negative,SAm,Diaz-Rodriguez et al. 2021
521,-67.8961,-22.7028,2,negative,SAm,Diaz-Rodriguez et al. 2021
522,-67.8914,-22.7886,2,negative,SAm,Diaz-Rodriguez et al. 2021
523,-67.8892,-22.7089,2,negative,SAm,Diaz-Rodriguez et al. 2021
524,-67.8889,-22.8722,2,negative,SAm,Diaz-Rodriguez et al. 2021
525,-67.8842,-22.8608,2,negative,SAm,Diaz-Rodriguez et al. 2021
526,-67.8744,-22.865,2,negative,SAm,Diaz-Rodriguez et al. 2021
527,-67.8177,-23.3714,2,negative,SAm,Diaz-Rodriguez et al. 2021
528,-67.8164,-23.3529,2,negative,SAm,Diaz-Rodriguez et al. 2021
529,-67.8155,-23.355,2,negative,SAm,Diaz-Rodriguez et al. 2021
530,-67.8125,-22.8853,2,negative,SAm,Diaz-Rodriguez et al. 2021
531,-67.8108,-23.3487,2,negative,SAm,Diaz-Rodriguez et al. 2021
532,-67.8092,-22.8808,2,negative,SAm,Diaz-Rodriguez et al. 2021
533,-67.8082,-23.346,2,negative,SAm,Diaz-Rodriguez et al. 2021
534,-67.8072,-23.3464,2,negative,SAm,Diaz-Rodriguez et al. 2021
535,-67.8005,-23.3337,2,negative,SAm,Diaz-Rodriguez et al. 2021
536,-67.7971,-23.3262,2,negative,SAm,Diaz-Rodriguez et al. 2021
537,-67.7823,-23.3217,2,negative,SAm,Diaz-Rodriguez et al. 2021
538,-67.7771,-23.321,2,negative,SAm,Diaz-Rodriguez et al. 2021
539,-67.775,-23.3233,2,negative,SAm,Diaz-Rodriguez et al. 2021
540,-67.7742,-23.3307,2,negative,SAm,Diaz-Rodriguez et al. 2021
541,-67.7624,-23.3341,2,negative,SAm,Diaz-Rodriguez et al. 2021
542,-67.757,-23.3351,2,negative,SAm,Diaz-Rodriguez et al. 2021
543,-67.7533,-23.3244,2,negative,SAm,Diaz-Rodriguez et al. 2021
544,-67.7513,-23.3341,2,negative,SAm,Diaz-Rodriguez et al. 2021
545,-67.7512,-23.3346,2,negative,SAm,Diaz-Rodriguez et al. 2021
546,-67.7511,-23.4,2,negative,SAm,Diaz-Rodriguez et al. 2021
547,-67.7243,-23.39,2,negative,SAm,Diaz-Rodriguez et al. 2021
548,-67.7207,-23.3954,2,negative,SAm,Diaz-Rodriguez et al. 2021
549,-67.7197,-23.3949,2,negative,SAm,Diaz-Rodriguez et al. 2021
550,-67.7184,-23.3952,2,negative,SAm,Diaz-Rodriguez et al. 2021
551,-67.7086,-25.6161,2,negative,SAm,Diaz-Rodriguez et al. 2021
552,-67.6,-24.0,2,negative,SAm,Diaz-Rodriguez et al. 2021
553,-67.52031,-37.05717,2,negative,SAm,Diaz-Rodriguez et al. 2021
554,-67.49917,-36.99872,2,negative,SAm,Diaz-Rodriguez et al. 2021
555,-67.49233,-36.97117,2,negative,SAm,Diaz-Rodriguez et al. 2021
556,-66.55,-24.18,2,negative,SAm,Diaz-Rodriguez et al. 2021
557,-66.5,-24.0,2,negative,SAm,Diaz-Rodriguez et al. 2021
558,-66.5,-24.2,2,negative,SAm,Diaz-Rodriguez et al. 2021
559,-66.4167,-24.0,2,negative,SAm,Diaz-Rodriguez et al. 2021
560,-66.1676,-24.7433,2,negative,SAm,Diaz-Rodriguez et al. 2021
561,-1.35,-37.44,2,negative,SAm,Diaz-Rodriguez et al. 2021
562,-70.285,-41.53413,3,negative,SAm,Diaz-Rodriguez et al. 2021
563,-70.13,-45.63,3,negative,SAm,Diaz-Rodriguez et al. 2021
564,-70.1,-41.0,3,negative,SAm,Diaz-Rodriguez et al. 2021
565,-70.0,-41.4,3,negative,SAm,Diaz-Rodriguez et al. 2021
566,-70.0,-42.0,3,negative,SAm,Diaz-Rodriguez et al. 2021
567,-69.88736,-43.67003,3,negative,SAm,Diaz-Rodriguez et al. 2021
568,-69.35825,-41.76585,3,negative,SAm,Diaz-Rodriguez et al. 2021
569,-69.28802,-42.26238,3,negative,SAm,Diaz-Rodriguez et al. 2021
570,-68.95487,-45.25665,3,negative,SAm,Diaz-Rodriguez et al. 2021
571,-68.8,-40.3,3,negative,SAm,Diaz-Rodriguez et al. 2021
572,-68.5,-39.8,3,negative,SAm,Diaz-Rodriguez et al. 2021
573,-71.5,-38.5,4,negative,SAm,Diaz-Rodriguez et al. 2021
574,-71.1,-38.73,4,negative,SAm,Diaz-Rodriguez et al. 2021
575,-70.2067,-45.2967,4,negative,SAm,Diaz-Rodriguez et al. 2021
576,-70.1083,-44.8683,4,negative,SAm,Diaz-Rodriguez et al. 2021
577,-70.07,-44.87,4,negative,SAm,Diaz-Rodriguez et al. 2021
578,-69.9733,-45.1983,4,negative,SAm,Diaz-Rodriguez et al. 2021
579,-69.973,-45.198,4,negative,SAm,Diaz-Rodriguez et al. 2021
580,-69.57,-37.6967,4,negative,SAm,Diaz-Rodriguez et al. 2021
581,-69.3483,-45.5067,4,negative,SAm,Diaz-Rodriguez et al. 2021
582,-68.955,-37.3242,4,negative,SAm,Diaz-Rodriguez et al. 2021
583,-68.944,-37.09,4,negative,SAm,Diaz-Rodriguez et al. 2021
584,-68.9383,-37.3242,4,negative,SAm,Diaz-Rodriguez et al. 2021
585,-68.8833,-19.75,4,negative,SAm,Diaz-Rodriguez et al. 2021
586,-68.5833,-21.1833,4,negative,SAm,Diaz-Rodriguez et al. 2021
587,-68.5167,-21.55,4,negative,SAm,Diaz-Rodriguez et al. 2021
588,-68.4833,-21.4,4,negative,SAm,Diaz-Rodriguez et al. 2021
589,-68.4731,-21.5156,4,negative,SAm,Diaz-Rodriguez et al. 2021
590,-68.4725,-21.5153,4,negative,SAm,Diaz-Rodriguez et al. 2021
591,-68.4708,-21.5131,4,negative,SAm,Diaz-Rodriguez et al. 2021
592,-68.45,-21.6,4,negative,SAm,Diaz-Rodriguez et al. 2021
593,-68.4497,-21.4047,4,negative,SAm,Diaz-Rodriguez et al. 2021
594,-68.4494,-21.4047,4,negative,SAm,Diaz-Rodriguez et al. 2021
595,-68.4494,-21.405,4,negative,SAm,Diaz-Rodriguez et al. 2021
596,-68.4483,-21.3769,4,negative,SAm,Diaz-Rodriguez et al. 2021
597,-68.4478,-21.375,4,negative,SAm,Diaz-Rodriguez et al. 2021
598,-68.3897,-21.4389,4,negative,SAm,Diaz-Rodriguez et al. 2021
599,-68.3894,-21.4386,4,negative,SAm,Diaz-Rodriguez et al. 2021
600,-68.3875,-21.4397,4,negative,SAm,Diaz-Rodriguez et al. 2021
601,-68.3869,-21.4392,4,negative,SAm,Diaz-Rodriguez et al. 2021
602,-68.2833,-21.7667,4,negative,SAm,Diaz-Rodriguez et al. 2021
603,-68.2431,-21.6358,4,negative,SAm,Diaz-Rodriguez et al. 2021
604,-68.2333,-21.7833,4,negative,SAm,Diaz-Rodriguez et al. 2021
605,-68.2317,-21.5842,4,negative,SAm,Diaz-Rodriguez et al. 2021
606,-68.2058,-21.655,4,negative,SAm,Diaz-Rodriguez et al. 2021
607,-68.1683,-21.6903,4,negative,SAm,Diaz-Rodriguez et al. 2021
608,-68.1664,-21.6922,4,negative,SAm,Diaz-Rodriguez et al. 2021
609,-68.165,-21.6969,4,negative,SAm,Diaz-Rodriguez et al. 2021
610,-67.7534,-23.3319,4,negative,SAm,Diaz-Rodriguez et al. 2021
611,-67.7513,-23.3338,4,negative,SAm,Diaz-Rodriguez et al. 2021
612,-67.42,-23.17,4,negative,SAm,Diaz-Rodriguez et al. 2021
613,-66.7,-22.85,7,negative,SAm,Diaz-Rodriguez et al. 2021
614,-65.8853,-24.3047,7,negative,SAm,Diaz-Rodriguez et al. 2021
615,-65.8747,-24.4075,7,negative,SAm,Diaz-Rodriguez et al. 2021
616,-65.8683,-24.3542,7,negative,SAm,Diaz-Rodriguez et al. 2021
617,-65.8589,-24.3808,7,negative,SAm,Diaz-Rodriguez et al. 2021
618,-65.8419,-24.5472,7,negative,SAm,Diaz-Rodriguez et al. 2021
619,-66.1414,-22.8731,8,negative,SAm,Diaz-Rodriguez et al. 2021
620,-66.0718,-22.8995,8,negative,SAm,Diaz-Rodriguez et al. 2021
621,-66.065,-22.8893,8,negative,SAm,Diaz-Rodriguez et al. 2021
622,-65.8464,-24.5483,8,negative,SAm,Diaz-Rodriguez et al. 2021
623,-66.4,-24.1,9,negative,SAm,Diaz-Rodriguez et al. 2021
624,-65.8917,-24.4925,11,negative,SAm,Diaz-Rodriguez et al. 2021
625,-65.7661,-24.5217,13,negative,SAm,Diaz-Rodriguez et al. 2021
626,-65.692,-21.518,20,negative,SAm,Diaz-Rodriguez et al. 2021
627,-70.5,-33.375,25,negative,SAm,Diaz-Rodriguez et al. 2021
628,-70.66,-33.385,26,negative,SAm,Diaz-Rodriguez et al. 2021
629,-70.66,-33.385,27,negative,SAm,Diaz-Rodriguez et al. 2021
630,-70.66,-33.385,28,negative,SAm,Diaz-Rodriguez et al. 2021
631,-69.9989,-42.0544,30,negative,SAm,Diaz-Rodriguez et al. 2021
632,-69.5,-42.5,30,negative,SAm,Diaz-Rodriguez et al. 2021
633,-70.66,-33.385,31,negative,SAm,Diaz-Rodriguez et al. 2021
